Activity,Id_Leg,Checkin,Start,End,Checkout,Tempo Solo
AD5046,-I,2017-11-01 18:55:00,2017-11-01 19:48:00,2017-11-01 21:37:00,2017-11-02 04:01:00,0 days 00:46:00
AD2852,-M,2017-11-01 18:55:00,2017-11-01 22:23:00,2017-11-01 23:31:00,2017-11-02 04:01:00,0 days 00:31:00
AD2852,-M,2017-11-01 18:55:00,2017-11-02 00:02:00,2017-11-02 01:43:00,2017-11-02 04:01:00,0 days 00:30:00
AD2899,-I,2017-11-04 10:10:00,2017-11-04 10:43:00,2017-11-04 11:37:00,2017-11-04 17:38:00,0 days 00:36:00
AD2433,-M,2017-11-04 10:10:00,2017-11-04 12:13:00,2017-11-04 14:19:00,2017-11-04 17:38:00,0 days 01:06:00
AD4441,-I,2017-11-05 07:20:00,2017-11-05 07:55:00,2017-11-05 09:28:00,2017-11-05 17:16:00,0 days 00:58:00
AD4150,-M,2017-11-05 07:20:00,2017-11-05 10:26:00,2017-11-05 13:15:00,2017-11-05 17:16:00,0 days 00:34:00
AD5215,-I,2017-11-08 07:35:00,2017-11-08 08:23:00,2017-11-08 09:23:00,2017-11-08 14:56:00,0 days 00:27:00
AD4013,-M,2017-11-08 07:35:00,2017-11-08 09:50:00,2017-11-08 11:12:00,2017-11-08 14:56:00,0 days 00:34:00
AD4282,-M,2017-11-08 07:35:00,2017-11-08 11:46:00,2017-11-08 12:41:00,2017-11-08 14:56:00,0 days 00:34:00
AD6902,-I,2017-11-11 09:20:00,2017-11-11 10:17:00,2017-11-11 13:21:00,2017-11-11 18:25:00,0 days 01:05:00
AD9087,-I,2017-12-22 12:50:00,2017-12-22 13:45:00,2017-12-22 15:31:00,2017-12-22 20:06:00,0 days 00:23:00
AD9087,-M,2017-12-22 12:50:00,2017-12-22 15:54:00,2017-12-22 16:53:00,2017-12-22 20:06:00,0 days 00:46:00
AD5352,-I,2017-12-26 00:20:00,2017-12-26 01:10:00,2017-12-26 03:57:00,2017-12-26 07:39:00,0 days 00:29:00
AD5065,-I,2018-01-07 15:10:00,2018-01-07 16:13:00,2018-01-07 18:33:00,2018-01-08 00:15:00,0 days 00:38:00
AD2518,-M,2018-01-07 15:10:00,2018-01-07 19:11:00,2018-01-07 21:31:00,2018-01-08 00:15:00,0 days 00:35:00
AD2769,-I,2018-01-08 19:35:00,2018-01-08 20:09:00,2018-01-08 21:41:00,2018-01-09 03:37:00,0 days 00:34:00
AD2940,-M,2018-01-08 19:35:00,2018-01-08 22:15:00,2018-01-08 23:29:00,2018-01-09 03:37:00,0 days 02:00:00
AD4286,-I,2018-01-09 18:00:00,2018-01-09 19:03:00,2018-01-09 21:24:00,2018-01-10 02:57:00,0 days 00:52:00
AD5028,-M,2018-01-09 18:00:00,2018-01-09 22:16:00,2018-01-09 23:23:00,2018-01-10 02:57:00,0 days 01:47:00
AD4990,-I,2018-01-10 17:00:00,2018-01-10 17:39:00,2018-01-10 18:38:00,2018-01-10 22:44:00,0 days 00:28:00
AD4990,-M,2018-01-10 17:00:00,2018-01-10 19:06:00,2018-01-10 20:20:00,2018-01-10 22:44:00,0 days 00:35:00
AD5388,-I,2018-01-11 14:55:00,2018-01-11 16:00:00,2018-01-11 18:31:00,2018-01-12 00:35:00,0 days 00:30:00
AD5348,-M,2018-01-11 14:55:00,2018-01-11 19:01:00,2018-01-11 21:35:00,2018-01-12 00:35:00,0 days 00:25:00
AD2995,-I,2018-01-14 17:30:00,2018-01-14 18:23:00,2018-01-14 20:10:00,2018-01-15 03:03:00,0 days 00:27:00
AD2724,-M,2018-01-14 17:30:00,2018-01-14 20:37:00,2018-01-14 21:38:00,2018-01-15 03:03:00,0 days 00:30:00
AD6964,-M,2018-01-14 17:30:00,2018-01-14 22:08:00,2018-01-14 23:21:00,2018-01-15 03:03:00,0 days 02:06:00
AD2538,-I,2018-01-27 09:45:00,2018-01-27 10:30:00,2018-01-27 11:38:00,2018-01-27 13:45:00,0 days 00:26:00
AD4150,-I,2018-01-28 09:25:00,2018-01-28 10:21:00,2018-01-28 13:25:00,2018-01-28 19:25:00,0 days 00:25:00
AD4151,-M,2018-01-28 09:25:00,2018-01-28 13:50:00,2018-01-28 16:51:00,2018-01-28 19:25:00,0 days 00:54:00
AD4040,-I,2018-01-29 09:10:00,2018-01-29 10:01:00,2018-01-29 11:17:00,2018-01-29 17:50:00,0 days 00:29:00
AD5162,-M,2018-01-29 09:10:00,2018-01-29 11:46:00,2018-01-29 13:28:00,2018-01-29 17:50:00,0 days 00:31:00
AD4952,-M,2018-01-29 09:10:00,2018-01-29 13:59:00,2018-01-29 15:15:00,2018-01-29 17:50:00,0 days 00:30:00
AD2787,-I,2018-01-30 07:45:00,2018-01-30 08:19:00,2018-01-30 09:32:00,2018-01-30 16:55:00,0 days 00:54:00
AD2787,-M,2018-01-30 07:45:00,2018-01-30 10:26:00,2018-01-30 12:37:00,2018-01-30 16:55:00,0 days 01:23:00
AD5066,-I,2018-02-01 09:35:00,2018-02-01 10:29:00,2018-02-01 14:09:00,2018-02-01 18:34:00,0 days 00:48:00
AD2840,-M,2018-02-01 09:35:00,2018-02-01 14:57:00,2018-02-01 16:12:00,2018-02-01 18:34:00,0 days 00:35:00
AD2840,-I,2018-02-02 14:20:00,2018-02-02 15:06:00,2018-02-02 16:30:00,2018-02-03 00:08:00,0 days 00:30:00
AD2841,-M,2018-02-02 14:20:00,2018-02-02 17:00:00,2018-02-02 18:19:00,2018-02-03 00:08:00,0 days 01:18:00
AD2800,-M,2018-02-02 14:20:00,2018-02-02 19:37:00,2018-02-02 21:19:00,2018-02-03 00:08:00,0 days 00:33:00
AD4113,-I,2018-02-04 06:30:00,2018-02-04 07:02:00,2018-02-04 08:31:00,2018-02-04 15:01:00,0 days 01:11:00
AD2829,-M,2018-02-04 06:30:00,2018-02-04 09:42:00,2018-02-04 11:04:00,2018-02-04 15:01:00,0 days 00:41:00
AD5244,-M,2018-02-04 06:30:00,2018-02-04 11:45:00,2018-02-04 12:58:00,2018-02-04 15:01:00,0 days 00:27:00
AD9161,-I,2018-02-05 07:05:00,2018-02-05 08:04:00,2018-02-05 09:39:00,2018-02-05 15:31:00,0 days 00:32:00
AD9110,-M,2018-02-05 07:05:00,2018-02-05 10:11:00,2018-02-05 12:10:00,2018-02-05 15:31:00,0 days 00:35:00
AD9288,-I,2018-02-15 15:15:00,2018-02-15 16:11:00,2018-02-15 17:13:00,2018-02-15 23:00:00,0 days 00:33:00
AD4433,-M,2018-02-15 15:15:00,2018-02-15 17:46:00,2018-02-15 19:17:00,2018-02-15 23:00:00,0 days 00:28:00
AD4233,-M,2018-02-15 15:15:00,2018-02-15 19:45:00,2018-02-15 20:51:00,2018-02-15 23:00:00,0 days 00:33:00
AD4260,-I,2018-02-19 21:10:00,2018-02-19 21:57:00,2018-02-19 23:11:00,2018-02-20 05:29:00,0 days 00:31:00
AD4261,-M,2018-02-19 21:10:00,2018-02-19 23:42:00,2018-02-20 01:05:00,2018-02-20 05:29:00,0 days 01:29:00
AD4474,-M,2018-02-19 21:10:00,2018-02-20 02:34:00,2018-02-20 02:55:00,2018-02-20 05:29:00,0 days 00:31:00
AD4148,-I,2018-02-27 17:55:00,2018-02-27 19:57:00,2018-02-27 21:18:00,2018-02-28 02:11:00,0 days 00:22:00
AD4149,-M,2018-02-27 17:55:00,2018-02-27 21:40:00,2018-02-27 23:05:00,2018-02-28 02:11:00,0 days 00:57:00
AD2498,-I,2018-03-05 00:50:00,2018-03-05 01:39:00,2018-03-05 04:31:00,2018-03-05 08:55:00,0 days 00:59:00
AD2669,-I,2018-03-17 18:50:00,2018-03-17 19:37:00,2018-03-17 20:39:00,2018-03-18 04:06:00,0 days 01:35:00
AD2749,-M,2018-03-17 18:50:00,2018-03-17 22:14:00,2018-03-17 23:28:00,2018-03-18 04:06:00,0 days 02:23:00
AD9110,-I,2018-03-30 01:50:00,2018-03-30 02:39:00,2018-03-30 04:28:00,2018-03-30 11:23:00,0 days 01:49:00
AD9157,-M,2018-03-30 01:50:00,2018-03-30 06:17:00,2018-03-30 08:14:00,2018-03-30 11:23:00,0 days 00:42:00
AD5215,-I,2018-04-04 09:00:00,2018-04-04 09:47:00,2018-04-04 10:48:00,2018-04-04 18:32:00,0 days 00:41:00
AD4005,-M,2018-04-04 09:00:00,2018-04-04 11:29:00,2018-04-04 12:49:00,2018-04-04 18:32:00,0 days 00:43:00
AD4048,-M,2018-04-04 09:00:00,2018-04-04 13:32:00,2018-04-04 14:32:00,2018-04-04 18:32:00,0 days 02:12:00
AD5756,-I,2018-04-05 08:30:00,2018-04-05 09:09:00,2018-04-05 10:00:00,2018-04-05 16:15:00,0 days 01:06:00
AD5756,-M,2018-04-05 08:30:00,2018-04-05 11:06:00,2018-04-05 12:29:00,2018-04-05 16:15:00,0 days 00:36:00
AD5093,-M,2018-04-05 08:30:00,2018-04-05 13:05:00,2018-04-05 14:19:00,2018-04-05 16:15:00,0 days 00:27:00
AD2890,-I,2018-04-12 01:00:00,2018-04-12 01:48:00,2018-04-12 05:00:00,2018-04-12 09:03:00,0 days 00:33:00
AD4204,-I,2018-04-18 13:10:00,2018-04-18 13:56:00,2018-04-18 15:42:00,2018-04-18 22:05:00,0 days 00:38:00
AD4204,-M,2018-04-18 13:10:00,2018-04-18 16:20:00,2018-04-18 17:10:00,2018-04-18 22:05:00,0 days 00:40:00
AD4204,-M,2018-04-18 13:10:00,2018-04-18 17:50:00,2018-04-18 19:50:00,2018-04-18 22:05:00,0 days 00:37:00
AD2434,-I,2018-04-25 20:10:00,2018-04-25 20:52:00,2018-04-25 22:23:00,2018-04-26 05:11:00,0 days 00:48:00
AD5257,-M,2018-04-25 20:10:00,2018-04-25 23:11:00,2018-04-26 00:56:00,2018-04-26 05:11:00,0 days 02:08:00
AD4409,-I,2018-04-28 08:30:00,2018-04-28 09:05:00,2018-04-28 10:12:00,2018-04-28 15:52:00,0 days 01:17:00
AD4008,-M,2018-04-28 08:30:00,2018-04-28 11:29:00,2018-04-28 13:12:00,2018-04-28 15:52:00,0 days 00:39:00
AD4063,-I,2018-04-29 10:45:00,2018-04-29 11:32:00,2018-04-29 13:21:00,2018-04-29 16:07:00,0 days 00:33:00
AD4361,-I,2018-05-01 23:55:00,2018-05-02 00:46:00,2018-05-02 01:39:00,2018-05-02 08:59:00,0 days 00:46:00
AD4203,-M,2018-05-01 23:55:00,2018-05-02 02:25:00,2018-05-02 03:24:00,2018-05-02 08:59:00,0 days 00:38:00
AD9126,-M,2018-05-01 23:55:00,2018-05-02 04:02:00,2018-05-02 05:41:00,2018-05-02 08:59:00,0 days 01:40:00
AD5703,-I,2018-05-03 06:20:00,2018-05-03 06:55:00,2018-05-03 08:31:00,2018-05-03 13:56:00,0 days 00:51:00
AD4031,-M,2018-05-03 06:20:00,2018-05-03 09:22:00,2018-05-03 11:19:00,2018-05-03 13:56:00,0 days 00:24:00
AD2498,-I,2018-05-10 01:05:00,2018-05-10 02:08:00,2018-05-10 04:56:00,2018-05-10 09:23:00,0 days 00:39:00
AD2500,-I,2018-05-11 01:50:00,2018-05-11 02:36:00,2018-05-11 05:03:00,2018-05-11 09:03:00,0 days 00:44:00
AD2576,-I,2018-05-25 19:20:00,2018-05-25 20:06:00,2018-05-25 22:31:00,2018-05-26 04:02:00,0 days 00:39:00
AD2577,-M,2018-05-25 19:20:00,2018-05-25 23:10:00,2018-05-26 01:56:00,2018-05-26 04:02:00,0 days 00:39:00
AD4154,-I,2018-05-26 20:55:00,2018-05-26 21:32:00,2018-05-26 22:41:00,2018-05-27 01:27:00,0 days 01:04:00
AD5728,-I,2018-05-27 16:55:00,2018-05-27 17:27:00,2018-05-27 18:40:00,2018-05-28 00:54:00,0 days 00:26:00
AD5749,-M,2018-05-27 16:55:00,2018-05-27 19:06:00,2018-05-27 20:08:00,2018-05-28 00:54:00,0 days 00:35:00
AD5749,-M,2018-05-27 16:55:00,2018-05-27 20:43:00,2018-05-27 22:21:00,2018-05-28 00:54:00,0 days 00:38:00
AD5728,-I,2018-05-28 16:55:00,2018-05-28 17:29:00,2018-05-28 18:41:00,2018-05-29 00:59:00,0 days 00:27:00
AD5749,-M,2018-05-28 16:55:00,2018-05-28 19:08:00,2018-05-28 20:07:00,2018-05-29 00:59:00,0 days 00:37:00
AD5749,-M,2018-05-28 16:55:00,2018-05-28 20:44:00,2018-05-28 22:14:00,2018-05-29 00:59:00,0 days 00:31:00
AD4148,-I,2018-05-29 17:40:00,2018-05-29 18:15:00,2018-05-29 19:37:00,2018-05-30 00:23:00,0 days 00:41:00
AD4149,-M,2018-05-29 17:40:00,2018-05-29 20:18:00,2018-05-29 21:42:00,2018-05-30 00:23:00,0 days 00:33:00
AD2498,-I,2018-06-01 01:25:00,2018-06-01 02:20:00,2018-06-01 05:05:00,2018-06-01 10:51:00,0 days 00:45:00
AD2499,-M,2018-06-01 01:25:00,2018-06-01 05:50:00,2018-06-01 08:52:00,2018-06-01 10:51:00,0 days 00:33:00
AD5282,-I,2018-06-08 01:15:00,2018-06-08 02:09:00,2018-06-08 05:11:00,2018-06-08 09:16:00,0 days 00:39:00
AD4450,-I,2018-06-09 10:20:00,2018-06-09 11:37:00,2018-06-09 13:48:00,2018-06-09 17:23:00,0 days 00:37:00
AD4166,-I,2018-06-21 13:00:00,2018-06-21 13:47:00,2018-06-21 15:46:00,2018-06-21 23:41:00,0 days 01:49:00
AD4166,-M,2018-06-21 13:00:00,2018-06-21 17:35:00,2018-06-21 18:31:00,2018-06-21 23:41:00,0 days 00:40:00
AD4167,-M,2018-06-21 13:00:00,2018-06-21 19:11:00,2018-06-21 20:05:00,2018-06-21 23:41:00,0 days 00:43:00
AD5168,-I,2018-07-05 17:10:00,2018-07-05 17:54:00,2018-07-05 19:39:00,2018-07-06 02:09:00,0 days 00:43:00
AD5169,-M,2018-07-05 17:10:00,2018-07-05 20:22:00,2018-07-05 21:40:00,2018-07-06 02:09:00,0 days 00:50:00
AD4260,-M,2018-07-05 17:10:00,2018-07-05 22:30:00,2018-07-05 23:30:00,2018-07-06 02:09:00,0 days 00:40:00
AD5016,-M,2018-07-06 19:00:00,2018-07-06 21:50:00,2018-07-06 22:50:00,2018-07-07 02:31:00,0 days 01:58:00
AD4195,-I,2018-07-19 08:10:00,2018-07-19 09:10:00,2018-07-19 10:12:00,2018-07-19 16:54:00,0 days 00:37:00
AD6962,-M,2018-07-19 08:10:00,2018-07-19 10:49:00,2018-07-19 12:08:00,2018-07-19 16:54:00,0 days 00:34:00
AD4082,-M,2018-07-19 08:10:00,2018-07-19 12:42:00,2018-07-19 14:19:00,2018-07-19 16:54:00,0 days 00:33:00
AD5210,-I,2018-07-20 17:45:00,2018-07-20 18:53:00,2018-07-20 21:22:00,2018-07-21 03:17:00,0 days 00:56:00
AD5211,-M,2018-07-20 17:45:00,2018-07-20 22:18:00,2018-07-21 00:43:00,2018-07-21 03:17:00,0 days 00:50:00
AD6418,-I,2018-07-21 15:50:00,2018-07-21 16:23:00,2018-07-21 17:41:00,2018-07-21 22:58:00,0 days 00:38:00
AD4489,-M,2018-07-21 15:50:00,2018-07-21 18:19:00,2018-07-21 19:47:00,2018-07-21 22:58:00,0 days 01:37:00
AD4179,-I,2018-08-10 15:35:00,2018-08-10 16:29:00,2018-08-10 17:59:00,2018-08-11 01:28:00,0 days 01:22:00
AD4493,-M,2018-08-10 15:35:00,2018-08-10 19:21:00,2018-08-10 21:03:00,2018-08-11 01:28:00,0 days 00:47:00
AD5016,-M,2018-08-10 15:35:00,2018-08-10 21:50:00,2018-08-10 23:03:00,2018-08-11 01:28:00,0 days 00:33:00
AD4016,-I,2018-08-17 17:40:00,2018-08-17 18:39:00,2018-08-17 19:40:00,2018-08-18 02:27:00,0 days 02:10:00
AD5052,-M,2018-08-17 17:40:00,2018-08-17 21:50:00,2018-08-17 23:48:00,2018-08-18 02:27:00,0 days 00:35:00
AD2611,-I,2018-08-19 17:45:00,2018-08-19 18:15:00,2018-08-19 19:43:00,2018-08-20 01:13:00,0 days 01:03:00
AD2866,-M,2018-08-19 17:45:00,2018-08-19 20:46:00,2018-08-19 22:23:00,2018-08-20 01:13:00,0 days 00:46:00
AD5500,-I,2018-09-01 13:10:00,2018-09-01 14:50:00,2018-09-01 18:15:00,2018-09-01 23:12:00,0 days 00:28:00
AD5500,-M,2018-09-01 13:10:00,2018-09-01 18:43:00,2018-09-01 19:23:00,2018-09-01 23:12:00,0 days 00:25:00
AD2688,-I,2018-09-03 00:40:00,2018-09-03 01:30:00,2018-09-03 04:25:00,2018-09-03 09:08:00,0 days 00:29:00
AD2688,-M,2018-09-03 00:40:00,2018-09-03 04:54:00,2018-09-03 05:40:00,2018-09-03 09:08:00,0 days 00:28:00
AD5215,-I,2018-09-27 08:35:00,2018-09-27 09:06:00,2018-09-27 10:15:00,2018-09-27 19:04:00,0 days 01:18:00
AD2837,-M,2018-09-27 08:35:00,2018-09-27 11:33:00,2018-09-27 13:41:00,2018-09-27 19:04:00,0 days 01:07:00
AD5187,-M,2018-09-27 08:35:00,2018-09-27 14:48:00,2018-09-27 16:25:00,2018-09-27 19:04:00,0 days 00:22:00
AD2520,-I,2018-09-28 08:20:00,2018-09-28 08:54:00,2018-09-28 09:23:00,2018-09-28 17:32:00,0 days 00:56:00
AD2520,-M,2018-09-28 08:20:00,2018-09-28 10:19:00,2018-09-28 11:42:00,2018-09-28 17:32:00,0 days 00:27:00
AD4177,-M,2018-09-28 08:20:00,2018-09-28 12:09:00,2018-09-28 13:14:00,2018-09-28 17:32:00,0 days 00:59:00
AD2543,-M,2018-09-28 08:20:00,2018-09-28 14:13:00,2018-09-28 15:17:00,2018-09-28 17:32:00,0 days 00:35:00
AD4346,-I,2018-11-16 19:25:00,2018-11-16 20:07:00,2018-11-16 21:09:00,2018-11-17 02:28:00,0 days 00:27:00
AD4347,-M,2018-11-16 19:25:00,2018-11-16 21:36:00,2018-11-16 22:48:00,2018-11-17 02:28:00,0 days 01:38:00
AD2690,-I,2018-11-18 08:05:00,2018-11-18 08:49:00,2018-11-18 10:19:00,2018-11-18 17:48:00,0 days 00:35:00
AD4284,-M,2018-11-18 08:05:00,2018-11-18 10:54:00,2018-11-18 12:00:00,2018-11-18 17:48:00,0 days 01:40:00
AD6936,-M,2018-11-18 08:05:00,2018-11-18 13:40:00,2018-11-18 14:46:00,2018-11-18 17:48:00,0 days 00:39:00
AD2520,-I,2018-11-19 07:20:00,2018-11-19 07:55:00,2018-11-19 09:17:00,2018-11-19 11:56:00,0 days 00:55:00
AD4293,-I,2018-11-30 09:35:00,2018-11-30 10:24:00,2018-11-30 12:27:00,2018-11-30 19:52:00,0 days 02:04:00
AD5226,-M,2018-11-30 09:35:00,2018-11-30 14:31:00,2018-11-30 15:28:00,2018-11-30 19:52:00,0 days 00:25:00
AD5227,-M,2018-11-30 09:35:00,2018-11-30 15:53:00,2018-11-30 16:47:00,2018-11-30 19:52:00,0 days 00:29:00
AD4163,-I,2018-12-07 14:40:00,2018-12-07 15:27:00,2018-12-07 16:28:00,2018-12-07 20:54:00,0 days 00:43:00
AD6419,-M,2018-12-07 14:40:00,2018-12-07 17:11:00,2018-12-07 18:52:00,2018-12-07 20:54:00,0 days 00:35:00
AD2498,-I,2018-12-14 23:55:00,2018-12-15 00:49:00,2018-12-15 03:53:00,2018-12-15 07:48:00,0 days 00:37:00
AD9128,-I,2018-12-23 00:10:00,2018-12-23 01:19:00,2018-12-23 04:04:00,2018-12-23 08:05:00,0 days 00:30:00
AD2500,-I,2018-12-26 00:50:00,2018-12-26 01:43:00,2018-12-26 04:21:00,2018-12-26 08:00:00,0 days 00:32:00
AD4079,-I,2018-12-28 10:00:00,2018-12-28 10:52:00,2018-12-28 11:47:00,2018-12-28 18:00:00,0 days 01:45:00
AD6956,-M,2018-12-28 10:00:00,2018-12-28 13:32:00,2018-12-28 14:34:00,2018-12-28 18:00:00,0 days 00:55:00
AD4175,-I,2019-01-03 18:15:00,2019-01-03 19:06:00,2019-01-03 21:03:00,2019-01-04 02:47:00,0 days 01:31:00
AD4490,-M,2019-01-03 18:15:00,2019-01-03 22:34:00,2019-01-04 00:46:00,2019-01-04 02:47:00,0 days 00:37:00
AD2899,-I,2019-01-05 02:25:00,2019-01-05 02:59:00,2019-01-05 03:59:00,2019-01-05 08:03:00,0 days 01:20:00
AD5215,-I,2019-01-09 07:30:00,2019-01-09 08:12:00,2019-01-09 09:43:00,2019-01-09 16:44:00,0 days 00:31:00
AD9058,-M,2019-01-09 07:30:00,2019-01-09 10:14:00,2019-01-09 11:47:00,2019-01-09 16:44:00,0 days 00:30:00
AD9059,-M,2019-01-09 07:30:00,2019-01-09 12:17:00,2019-01-09 13:47:00,2019-01-09 16:44:00,0 days 01:19:00
AD5166,-I,2019-01-10 09:40:00,2019-01-10 10:21:00,2019-01-10 11:29:00,2019-01-10 17:49:00,0 days 00:42:00
AD6928,-M,2019-01-10 09:40:00,2019-01-10 12:11:00,2019-01-10 13:27:00,2019-01-10 17:49:00,0 days 02:06:00
AD2520,-I,2019-01-11 07:20:00,2019-01-11 07:57:00,2019-01-11 09:14:00,2019-01-11 17:09:00,0 days 01:01:00
AD5166,-M,2019-01-11 07:20:00,2019-01-11 10:15:00,2019-01-11 11:24:00,2019-01-11 17:09:00,0 days 00:43:00
AD6928,-M,2019-01-11 07:20:00,2019-01-11 12:07:00,2019-01-11 13:13:00,2019-01-11 17:09:00,0 days 01:21:00
AD9096,-I,2019-01-12 06:00:00,2019-01-12 06:34:00,2019-01-12 08:13:00,2019-01-12 10:44:00,0 days 00:46:00
AD4490,-I,2019-01-17 21:35:00,2019-01-17 22:23:00,2019-01-18 00:16:00,2019-01-18 02:46:00,0 days 01:08:00
AD2899,-I,2019-01-19 02:25:00,2019-01-19 02:52:00,2019-01-19 03:48:00,2019-01-19 08:05:00,0 days 01:34:00
AD9106,-I,2019-02-02 00:35:00,2019-02-02 01:34:00,2019-02-02 04:54:00,2019-02-02 09:45:00,0 days 01:05:00
AD4018,-I,2019-02-07 19:55:00,2019-02-07 20:39:00,2019-02-07 21:35:00,2019-02-08 03:20:00,0 days 01:54:00
AD4316,-M,2019-02-07 19:55:00,2019-02-07 23:29:00,2019-02-08 00:40:00,2019-02-08 03:20:00,0 days 00:45:00
AD5189,-I,2019-02-09 07:20:00,2019-02-09 07:53:00,2019-02-09 09:13:00,2019-02-09 16:09:00,0 days 01:21:00
AD4000,-M,2019-02-09 07:20:00,2019-02-09 10:34:00,2019-02-09 11:39:00,2019-02-09 16:09:00,0 days 00:44:00
AD2590,-M,2019-02-09 07:20:00,2019-02-09 12:23:00,2019-02-09 13:26:00,2019-02-09 16:09:00,0 days 01:06:00
AD4269,-I,2019-02-14 19:35:00,2019-02-14 20:23:00,2019-02-14 21:28:00,2019-02-14 23:48:00,0 days 00:46:00
AD4043,-I,2019-02-28 15:30:00,2019-02-28 17:26:00,2019-02-28 17:39:00,2019-02-28 23:46:00,0 days 01:00:00
AD5200,-M,2019-02-28 15:30:00,2019-02-28 18:39:00,2019-02-28 19:40:00,2019-02-28 23:46:00,0 days 00:39:00
AD4103,-M,2019-02-28 15:30:00,2019-02-28 20:19:00,2019-02-28 21:19:00,2019-02-28 23:46:00,0 days 00:43:00
AD4251,-I,2019-03-01 12:05:00,2019-03-01 12:44:00,2019-03-01 13:57:00,2019-03-01 21:38:00,0 days 01:37:00
AD5450,-M,2019-03-01 12:05:00,2019-03-01 15:34:00,2019-03-01 17:56:00,2019-03-01 21:38:00,0 days 00:23:00
AD5450,-M,2019-03-01 12:05:00,2019-03-01 18:19:00,2019-03-01 19:06:00,2019-03-01 21:38:00,0 days 00:21:00
AD9134,-I,2019-03-02 11:25:00,2019-03-02 12:17:00,2019-03-02 13:35:00,2019-03-02 21:56:00,0 days 03:47:00
AD5468,-M,2019-03-02 11:25:00,2019-03-02 17:22:00,2019-03-02 18:55:00,2019-03-02 21:56:00,0 days 01:28:00
AD2411,-I,2019-03-03 10:30:00,2019-03-03 10:59:00,2019-03-03 12:18:00,2019-03-03 20:52:00,0 days 02:58:00
AD5728,-M,2019-03-03 10:30:00,2019-03-03 15:16:00,2019-03-03 16:36:00,2019-03-03 20:52:00,0 days 02:28:00
AD4469,-I,2019-03-27 09:45:00,2019-03-27 10:28:00,2019-03-27 12:00:00,2019-03-27 19:49:00,0 days 00:37:00
AD2517,-M,2019-03-27 09:45:00,2019-03-27 12:37:00,2019-03-27 13:54:00,2019-03-27 19:49:00,0 days 01:00:00
AD2602,-M,2019-03-27 09:45:00,2019-03-27 14:54:00,2019-03-27 16:08:00,2019-03-27 19:49:00,0 days 01:28:00
AD9206,-I,2019-03-28 09:50:00,2019-03-28 10:28:00,2019-03-28 11:55:00,2019-03-28 20:07:00,0 days 00:45:00
AD4494,-M,2019-03-28 09:50:00,2019-03-28 12:40:00,2019-03-28 13:43:00,2019-03-28 20:07:00,0 days 00:35:00
AD4231,-M,2019-03-28 09:50:00,2019-03-28 14:18:00,2019-03-28 15:26:00,2019-03-28 20:07:00,0 days 00:50:00
AD4474,-M,2019-03-28 09:50:00,2019-03-28 16:16:00,2019-03-28 17:51:00,2019-03-28 20:07:00,0 days 00:24:00
AD4004,-I,2019-04-04 09:40:00,2019-04-04 10:34:00,2019-04-04 11:43:00,2019-04-04 17:00:00,0 days 00:24:00
AD4005,-M,2019-04-04 09:40:00,2019-04-04 12:07:00,2019-04-04 13:24:00,2019-04-04 17:00:00,0 days 00:31:00
AD4028,-M,2019-04-04 09:40:00,2019-04-04 13:55:00,2019-04-04 14:57:00,2019-04-04 17:00:00,0 days 00:32:00
AD4405,-I,2019-04-05 07:50:00,2019-04-05 08:27:00,2019-04-05 09:30:00,2019-04-05 11:48:00,0 days 00:40:00
AD2787,-I,2019-04-10 10:20:00,2019-04-10 11:14:00,2019-04-10 13:46:00,2019-04-10 21:14:00,0 days 00:38:00
AD4096,-M,2019-04-10 10:20:00,2019-04-10 14:24:00,2019-04-10 16:54:00,2019-04-10 21:14:00,0 days 01:41:00
AD6422,-M,2019-04-10 10:20:00,2019-04-10 18:35:00,2019-04-10 18:51:00,2019-04-10 21:14:00,0 days 00:37:00
AD4986,-I,2019-04-11 09:14:00,2019-04-11 09:45:00,2019-04-11 10:48:00,2019-04-11 18:53:00,0 days 00:38:00
AD4406,-M,2019-04-11 09:14:00,2019-04-11 11:26:00,2019-04-11 12:59:00,2019-04-11 18:53:00,0 days 00:32:00
AD4407,-M,2019-04-11 09:14:00,2019-04-11 13:31:00,2019-04-11 15:01:00,2019-04-11 18:53:00,0 days 01:49:00
AD5149,-I,2019-04-12 08:20:00,2019-04-12 09:00:00,2019-04-12 09:16:00,2019-04-12 19:00:00,0 days 02:39:00
AD5149,-M,2019-04-12 08:20:00,2019-04-12 11:55:00,2019-04-12 13:03:00,2019-04-12 19:00:00,0 days 00:30:00
AD4177,-M,2019-04-12 08:20:00,2019-04-12 13:33:00,2019-04-12 13:49:00,2019-04-12 19:00:00,0 days 03:18:00
AD12,-I,2019-04-13 07:10:00,2019-04-13 07:40:00,2019-04-13 09:56:00,2019-04-13 12:29:00,0 days 00:29:00
AD5059,-I,2019-04-25 01:45:00,2019-04-25 02:50:00,2019-04-25 04:53:00,2019-04-25 09:13:00,0 days 01:35:00
AD4253,-I,2019-05-01 07:40:00,2019-05-01 08:32:00,2019-05-01 11:20:00,2019-05-01 14:11:00,0 days 00:43:00
AD2458,-I,2019-05-02 22:55:00,2019-05-02 23:35:00,2019-05-03 00:47:00,2019-05-03 05:30:00,0 days 01:31:00
AD2978,-I,2019-05-08 07:40:00,2019-05-08 08:29:00,2019-05-08 09:49:00,2019-05-08 14:35:00,0 days 00:37:00
AD4064,-M,2019-05-08 07:40:00,2019-05-08 10:26:00,2019-05-08 11:36:00,2019-05-08 14:35:00,0 days 01:11:00
AD4986,-I,2019-05-09 05:35:00,2019-05-09 06:15:00,2019-05-09 07:23:00,2019-05-09 10:10:00,0 days 01:07:00
AD2458,-I,2019-05-09 22:50:00,2019-05-09 23:28:00,2019-05-10 00:28:00,2019-05-10 05:30:00,0 days 01:50:00
AD2434,-I,2019-05-16 17:55:00,2019-05-16 18:41:00,2019-05-16 19:23:00,2019-05-17 01:08:00,0 days 00:43:00
AD5257,-M,2019-05-16 17:55:00,2019-05-16 20:06:00,2019-05-16 22:54:00,2019-05-17 01:08:00,0 days 00:45:00
AD4080,-M,2019-06-13 07:30:00,2019-06-13 09:10:00,2019-06-13 12:43:00,2019-06-13 18:07:00,0 days 01:52:00
AD4004,-I,2019-06-14 06:50:00,2019-06-14 07:40:00,2019-06-14 08:40:00,2019-06-14 16:24:00,0 days 00:45:00
AD5790,-M,2019-06-14 06:50:00,2019-06-14 09:25:00,2019-06-14 10:59:00,2019-06-14 16:24:00,0 days 00:30:00
AD4236,-M,2019-06-14 06:50:00,2019-06-14 11:29:00,2019-06-14 12:54:00,2019-06-14 16:24:00,0 days 01:59:00
AD5071,-I,2019-06-15 10:45:00,2019-06-15 11:45:00,2019-06-15 12:47:00,2019-06-15 19:59:00,0 days 01:04:00
AD6976,-M,2019-06-15 10:45:00,2019-06-15 13:51:00,2019-06-15 15:22:00,2019-06-15 19:59:00,0 days 00:34:00
AD6977,-M,2019-06-15 10:45:00,2019-06-15 15:56:00,2019-06-15 17:33:00,2019-06-15 19:59:00,0 days 00:53:00
AD4146,-I,2019-06-18 19:50:00,2019-06-18 20:36:00,2019-06-18 21:39:00,2019-06-19 02:19:00,0 days 00:54:00
AD2852,-M,2019-06-18 19:50:00,2019-06-18 22:33:00,2019-06-18 23:00:00,2019-06-19 02:19:00,0 days 00:32:00
AD2479,-I,2019-06-19 16:50:00,2019-06-19 16:32:00,2019-06-19 19:14:00,2019-06-19 23:56:00,0 days 00:28:00
AD2479,-M,2019-06-19 16:50:00,2019-06-19 19:42:00,2019-06-19 20:35:00,2019-06-19 23:56:00,0 days 01:48:00
AD5136,-I,2019-06-22 05:20:00,2019-06-22 06:04:00,2019-06-22 07:19:00,2019-06-22 15:58:00,0 days 01:01:00
AD5280,-M,2019-06-22 05:20:00,2019-06-22 08:20:00,2019-06-22 09:36:00,2019-06-22 15:58:00,0 days 00:22:00
AD5454,-M,2019-06-22 05:20:00,2019-06-22 09:58:00,2019-06-22 11:24:00,2019-06-22 15:58:00,0 days 01:02:00
AD5467,-M,2019-06-22 05:20:00,2019-06-22 12:26:00,2019-06-22 13:48:00,2019-06-22 15:58:00,0 days 00:36:00
AD2989,-I,2019-06-23 06:25:00,2019-06-23 06:52:00,2019-06-23 07:58:00,2019-06-23 13:01:00,0 days 01:42:00
AD4264,-M,2019-06-23 06:25:00,2019-06-23 09:40:00,2019-06-23 10:50:00,2019-06-23 13:01:00,0 days 00:38:00
AD4253,-I,2019-06-26 09:45:00,2019-06-26 10:47:00,2019-06-26 12:23:00,2019-06-26 17:16:00,0 days 00:35:00
AD4252,-M,2019-06-26 09:45:00,2019-06-26 12:58:00,2019-06-26 14:32:00,2019-06-26 17:16:00,0 days 00:40:00
AD9801,-I,2019-06-27 08:50:00,2019-06-27 13:12:00,2019-06-27 14:27:00,2019-06-27 19:09:00,0 days 03:09:00
AD9094,-I,2019-07-05 21:50:00,2019-07-05 22:44:00,2019-07-06 01:18:00,2019-07-06 06:31:00,0 days 01:30:00
AD2937,-I,2019-07-12 10:50:00,2019-07-12 11:34:00,2019-07-12 12:43:00,2019-07-12 20:00:00,0 days 01:17:00
AD4298,-M,2019-07-12 10:50:00,2019-07-12 14:00:00,2019-07-12 15:31:00,2019-07-12 20:00:00,0 days 00:26:00
AD4299,-M,2019-07-12 10:50:00,2019-07-12 15:57:00,2019-07-12 17:12:00,2019-07-12 20:00:00,0 days 01:09:00
AD5402,-I,2019-07-13 11:40:00,2019-07-13 12:41:00,2019-07-13 16:02:00,2019-07-13 20:20:00,0 days 00:23:00
AD5059,-I,2019-07-14 22:45:00,2019-07-14 23:34:00,2019-07-15 00:43:00,2019-07-15 05:56:00,0 days 01:45:00
AD4293,-I,2019-07-29 07:25:00,2019-07-29 08:27:00,2019-07-29 09:38:00,2019-07-29 17:26:00,0 days 00:30:00
AD4487,-M,2019-07-29 07:25:00,2019-07-29 10:08:00,2019-07-29 13:09:00,2019-07-29 17:26:00,0 days 00:31:00
AD5704,-M,2019-07-29 07:25:00,2019-07-29 13:40:00,2019-07-29 15:16:00,2019-07-29 17:26:00,0 days 00:24:00
AD4411,-I,2019-07-30 12:40:00,2019-07-30 13:47:00,2019-07-30 15:27:00,2019-07-30 19:34:00,0 days 00:23:00
AD4058,-M,2019-07-31 08:00:00,2019-07-31 09:35:00,2019-07-31 11:25:00,2019-07-31 14:02:00,0 days 00:29:00
AD2978,-I,2019-08-02 07:40:00,2019-08-02 08:39:00,2019-08-02 09:56:00,2019-08-02 12:10:00,0 days 00:30:00
AD4031,-I,2019-08-03 05:20:00,2019-08-03 06:18:00,2019-08-03 07:51:00,2019-08-03 10:39:00,0 days 00:34:00
AD2890,-I,2019-08-09 22:00:00,2019-08-09 22:49:00,2019-08-10 01:57:00,2019-08-10 06:05:00,0 days 00:34:00
AD5168,-I,2019-09-13 13:35:00,2019-09-13 14:25:00,2019-09-13 15:55:00,2019-09-13 22:03:00,0 days 00:32:00
AD5169,-M,2019-09-13 13:35:00,2019-09-13 16:27:00,2019-09-13 17:47:00,2019-09-13 22:03:00,0 days 00:51:00
AD4988,-M,2019-09-13 13:35:00,2019-09-13 18:38:00,2019-09-13 19:50:00,2019-09-13 22:03:00,0 days 00:32:00
AD5438,-I,2019-09-14 12:00:00,2019-09-14 12:46:00,2019-09-14 16:07:00,2019-09-14 20:54:00,0 days 00:45:00
AD5282,-I,2019-09-15 22:00:00,2019-09-15 22:57:00,2019-09-16 01:40:00,2019-09-16 05:51:00,0 days 00:45:00
AD5450,-I,2019-09-20 11:45:00,2019-09-20 12:56:00,2019-09-20 14:07:00,2019-09-20 18:40:00,0 days 00:31:00
AD5450,-M,2019-09-20 11:45:00,2019-09-20 14:38:00,2019-09-20 15:21:00,2019-09-20 18:40:00,0 days 00:21:00
AD4058,-I,2019-09-21 08:55:00,2019-09-21 09:48:00,2019-09-21 11:30:00,2019-09-21 18:18:00,0 days 00:43:00
AD4331,-M,2019-09-21 08:55:00,2019-09-21 12:13:00,2019-09-21 13:39:00,2019-09-21 18:18:00,0 days 00:51:00
AD2475,-M,2019-09-21 08:55:00,2019-09-21 14:30:00,2019-09-21 15:33:00,2019-09-21 18:18:00,0 days 01:00:00
AD5704,-I,2019-10-05 13:20:00,2019-10-05 14:15:00,2019-10-05 16:20:00,2019-10-05 22:42:00,0 days 00:41:00
AD9640,-M,2019-10-05 13:20:00,2019-10-05 17:01:00,2019-10-05 17:33:00,2019-10-05 22:42:00,0 days 00:18:00
AD5709,-M,2019-10-05 13:20:00,2019-10-05 17:51:00,2019-10-05 19:06:00,2019-10-05 22:42:00,0 days 00:30:00
AD4110,-M,2019-10-05 13:20:00,2019-10-05 19:36:00,2019-10-05 20:29:00,2019-10-05 22:42:00,0 days 00:26:00
AD2665,-I,2019-10-06 11:25:00,2019-10-06 12:14:00,2019-10-06 13:16:00,2019-10-06 21:06:00,0 days 00:54:00
AD4296,-M,2019-10-06 11:25:00,2019-10-06 14:10:00,2019-10-06 15:11:00,2019-10-06 21:06:00,0 days 00:33:00
AD5123,-M,2019-10-06 11:25:00,2019-10-06 15:44:00,2019-10-06 16:40:00,2019-10-06 21:06:00,0 days 01:01:00
AD2556,-M,2019-10-06 11:25:00,2019-10-06 17:41:00,2019-10-06 18:49:00,2019-10-06 21:06:00,0 days 00:44:00
AD4862,-I,2019-10-07 13:45:00,2019-10-07 14:20:00,2019-10-07 15:09:00,2019-10-07 22:17:00,0 days 01:07:00
AD4869,-M,2019-10-07 13:45:00,2019-10-07 16:16:00,2019-10-07 17:23:00,2019-10-07 22:17:00,0 days 00:40:00
AD4870,-M,2019-10-07 13:45:00,2019-10-07 18:03:00,2019-10-07 18:58:00,2019-10-07 22:17:00,0 days 01:37:00
AD5114,-M,2019-10-08 13:15:00,2019-10-08 16:15:00,2019-10-08 17:15:00,2019-10-08 22:27:00,0 days 01:31:00
AD4237,-M,2019-10-08 13:15:00,2019-10-08 18:46:00,2019-10-08 20:09:00,2019-10-08 22:27:00,0 days 00:29:00
AD4004,-I,2019-10-19 06:55:00,2019-10-19 07:50:00,2019-10-19 08:43:00,2019-10-19 13:50:00,0 days 01:35:00
AD4133,-M,2019-10-21 10:05:00,2019-10-21 12:45:00,2019-10-21 13:38:00,2019-10-21 17:04:00,0 days 02:02:00
AD4016,-I,2019-10-25 14:20:00,2019-10-25 15:28:00,2019-10-25 16:36:00,2019-10-26 00:09:00,0 days 01:51:00
AD4873,-M,2019-10-25 14:20:00,2019-10-25 18:27:00,2019-10-25 19:28:00,2019-10-26 00:09:00,0 days 00:55:00
AD4876,-M,2019-10-25 14:20:00,2019-10-25 20:23:00,2019-10-25 21:21:00,2019-10-26 00:09:00,0 days 00:51:00
AD5175,-I,2019-10-26 16:25:00,2019-10-26 17:12:00,2019-10-26 18:31:00,2019-10-26 23:25:00,0 days 00:49:00
AD4949,-M,2019-10-26 16:25:00,2019-10-26 19:20:00,2019-10-26 20:22:00,2019-10-26 23:25:00,0 days 01:04:00
AD2643,-I,2019-10-27 14:40:00,2019-10-27 15:16:00,2019-10-27 17:09:00,2019-10-27 22:51:00,0 days 00:53:00
AD4871,-M,2019-10-27 14:40:00,2019-10-27 18:02:00,2019-10-27 19:12:00,2019-10-27 22:51:00,0 days 00:30:00
AD4876,-M,2019-10-27 14:40:00,2019-10-27 19:42:00,2019-10-27 20:40:00,2019-10-27 22:51:00,0 days 00:38:00
AD5808,-I,2019-10-28 14:30:00,2019-10-28 15:36:00,2019-10-28 16:49:00,2019-10-28 23:05:00,0 days 01:06:00
AD2813,-M,2019-10-28 14:30:00,2019-10-28 17:55:00,2019-10-28 19:11:00,2019-10-28 23:05:00,0 days 00:34:00
AD2406,-M,2019-10-28 14:30:00,2019-10-28 19:45:00,2019-10-28 20:46:00,2019-10-28 23:05:00,0 days 00:42:00
AD4104,-I,2019-11-01 13:00:00,2019-11-01 13:48:00,2019-11-01 14:37:00,2019-11-01 21:46:00,0 days 00:37:00
AD5201,-M,2019-11-01 13:00:00,2019-11-01 15:14:00,2019-11-01 16:16:00,2019-11-01 21:46:00,0 days 01:19:00
AD4004,-M,2019-11-01 13:00:00,2019-11-01 17:35:00,2019-11-01 18:41:00,2019-11-01 21:46:00,0 days 01:35:00
AD5808,-I,2019-11-02 13:20:00,2019-11-02 13:55:00,2019-11-02 15:04:00,2019-11-02 20:50:00,0 days 02:33:00
AD2781,-M,2019-11-02 13:20:00,2019-11-02 17:37:00,2019-11-02 18:39:00,2019-11-02 20:50:00,0 days 00:40:00
AD4860,-I,2019-11-03 11:30:00,2019-11-03 12:07:00,2019-11-03 13:04:00,2019-11-03 20:53:00,0 days 01:11:00
AD5312,-M,2019-11-03 11:30:00,2019-11-03 14:15:00,2019-11-03 16:04:00,2019-11-03 20:53:00,0 days 00:38:00
AD5313,-M,2019-11-03 11:30:00,2019-11-03 16:42:00,2019-11-03 18:22:00,2019-11-03 20:53:00,0 days 00:56:00
AD4864,-I,2019-11-04 14:20:00,2019-11-04 14:56:00,2019-11-04 15:52:00,2019-11-04 23:20:00,0 days 01:57:00
AD4871,-M,2019-11-04 14:20:00,2019-11-04 17:49:00,2019-11-04 18:51:00,2019-11-04 23:20:00,0 days 00:34:00
AD4876,-M,2019-11-04 14:20:00,2019-11-04 19:25:00,2019-11-04 20:26:00,2019-11-04 23:20:00,0 days 01:03:00
AD5740,-M,2019-11-08 17:00:00,2019-11-08 21:16:00,2019-11-08 22:23:00,2019-11-09 01:56:00,0 days 00:30:00
AD5442,-I,2019-11-09 20:55:00,2019-11-09 21:31:00,2019-11-09 23:25:00,2019-11-10 02:09:00,0 days 00:29:00
AD2638,-I,2019-11-10 15:00:00,2019-11-10 15:31:00,2019-11-10 16:47:00,2019-11-10 23:05:00,0 days 03:01:00
AD4109,-I,2020-01-15 12:40:00,2020-01-15 13:39:00,2020-01-15 15:58:00,2020-01-15 19:44:00,0 days 01:00:00
AD4470,-I,2020-01-16 08:35:00,2020-01-16 09:43:00,2020-01-16 13:10:00,2020-01-16 17:47:00,0 days 00:42:00
AD5100,-I,2020-01-26 18:05:00,2020-01-26 19:34:00,2020-01-26 22:31:00,2020-01-27 01:13:00,0 days 00:52:00
AD2883,-I,2020-01-27 14:50:00,2020-01-27 15:53:00,2020-01-27 17:08:00,2020-01-28 00:10:00,0 days 01:03:00
AD5108,-I,2020-01-28 14:15:00,2020-01-28 14:55:00,2020-01-28 16:12:00,2020-01-28 21:45:00,0 days 00:41:00
AD4209,-M,2020-01-28 14:15:00,2020-01-28 16:53:00,2020-01-28 18:09:00,2020-01-28 21:45:00,0 days 00:51:00
AD4115,-I,2020-01-29 17:15:00,2020-01-29 17:53:00,2020-01-29 19:16:00,2020-01-29 23:25:00,0 days 02:19:00
AD4174,-I,2020-01-30 22:55:00,2020-01-30 23:36:00,2020-01-31 01:59:00,2020-01-31 08:10:00,0 days 00:46:00
AD4171,-M,2020-01-30 22:55:00,2020-01-31 02:45:00,2020-01-31 05:11:00,2020-01-31 08:10:00,0 days 01:07:00
AD5011,-I,2020-02-02 14:55:00,2020-02-02 16:41:00,2020-02-02 17:52:00,2020-02-02 22:53:00,0 days 02:01:00
AD5346,-I,2020-02-03 12:05:00,2020-02-03 13:06:00,2020-02-03 14:29:00,2020-02-03 20:35:00,0 days 00:43:00
AD2885,-M,2020-02-03 12:05:00,2020-02-03 15:12:00,2020-02-03 16:25:00,2020-02-03 20:35:00,0 days 01:00:00
AD6944,-I,2020-02-06 02:00:00,2020-02-06 04:11:00,2020-02-06 08:52:00,2020-02-06 12:50:00,0 days 00:46:00
AD4138,-M,2020-02-13 07:00:00,2020-02-13 08:44:00,2020-02-13 10:13:00,2020-02-13 13:08:00,0 days 00:43:00
AD6973,-I,2020-02-16 06:30:00,2020-02-16 07:31:00,2020-02-16 10:22:00,2020-02-16 17:02:00,0 days 02:58:00
AD2612,-I,2020-02-20 16:15:00,2020-02-20 17:34:00,2020-02-20 19:16:00,2020-02-21 01:32:00,0 days 00:51:00
AD6988,-M,2020-02-20 16:15:00,2020-02-20 20:07:00,2020-02-20 22:57:00,2020-02-21 01:32:00,0 days 00:42:00
AD2885,-I,2020-02-21 14:10:00,2020-02-21 15:31:00,2020-02-21 16:51:00,2020-02-21 22:55:00,0 days 00:42:00
AD2883,-M,2020-02-21 14:10:00,2020-02-21 17:33:00,2020-02-21 17:47:00,2020-02-21 22:55:00,0 days 00:24:00
AD2883,-M,2020-02-21 14:10:00,2020-02-21 18:11:00,2020-02-21 20:39:00,2020-02-21 22:55:00,0 days 00:31:00
AD4080,-I,2020-02-26 08:10:00,2020-02-26 09:10:00,2020-02-26 12:16:00,2020-02-26 18:42:00,0 days 03:04:00
AD4121,-I,2020-02-27 09:30:00,2020-02-27 10:22:00,2020-02-27 11:26:00,2020-02-27 19:20:00,0 days 00:54:00
AD5216,-M,2020-02-27 09:30:00,2020-02-27 12:20:00,2020-02-27 15:05:00,2020-02-27 19:20:00,0 days 00:53:00
AD5055,-I,2020-02-28 11:40:00,2020-02-28 12:14:00,2020-02-28 13:58:00,2020-02-28 21:05:00,0 days 00:50:00
AD5042,-M,2020-02-28 11:40:00,2020-02-28 14:48:00,2020-02-28 16:34:00,2020-02-28 21:05:00,0 days 00:42:00
AD2428,-M,2020-02-28 11:40:00,2020-02-28 17:16:00,2020-02-28 18:35:00,2020-02-28 21:05:00,0 days 00:40:00
AD2432,-I,2020-02-29 19:00:00,2020-02-29 19:43:00,2020-02-29 22:09:00,2020-03-01 02:40:00,0 days 00:49:00
AD6407,-I,2020-03-06 01:20:00,2020-03-06 02:07:00,2020-03-06 06:43:00,2020-03-06 09:50:00,0 days 01:44:00
AD4174,-I,2020-03-06 22:20:00,2020-03-06 23:07:00,2020-03-07 01:42:00,2020-03-07 06:45:00,0 days 01:32:00
AD4044,-I,2020-03-08 12:10:00,2020-03-08 13:13:00,2020-03-08 14:27:00,2020-03-08 16:59:00,0 days 00:45:00
AD4469,-I,2020-03-11 07:10:00,2020-03-11 08:24:00,2020-03-11 09:50:00,2020-03-11 15:06:00,0 days 00:46:00
AD4432,-M,2020-03-11 07:10:00,2020-03-11 10:36:00,2020-03-11 12:11:00,2020-03-11 15:06:00,0 days 00:48:00
AD5352,-I,2020-03-12 22:05:00,2020-03-12 22:49:00,2020-03-13 01:36:00,2020-03-13 06:00:00,0 days 00:45:00
AD2874,-I,2020-03-14 10:25:00,2020-03-14 11:05:00,2020-03-14 12:16:00,2020-03-14 19:45:00,0 days 02:46:00
AD2875,-M,2020-03-14 10:25:00,2020-03-14 15:02:00,2020-03-14 16:07:00,2020-03-14 19:45:00,0 days 01:20:00
AD4378,-I,2020-08-27 08:45:00,2020-08-27 09:27:00,2020-08-27 12:42:00,2020-08-27 17:12:00,0 days 00:46:00
AD4490,-I,2020-08-28 06:40:00,2020-08-28 07:41:00,2020-08-28 09:13:00,2020-08-28 16:08:00,0 days 00:54:00
AD4491,-M,2020-08-28 06:40:00,2020-08-28 10:07:00,2020-08-28 11:41:00,2020-08-28 16:08:00,0 days 02:24:00
AD4411,-I,2020-08-29 04:55:00,2020-08-29 05:25:00,2020-08-29 07:04:00,2020-08-29 10:12:00,0 days 01:26:00
AD4599,-I,2020-08-30 10:10:00,2020-08-30 10:56:00,2020-08-30 12:23:00,2020-08-30 21:45:00,0 days 01:19:00
AD4330,-M,2020-08-30 10:10:00,2020-08-30 13:42:00,2020-08-30 16:41:00,2020-08-30 21:45:00,0 days 01:26:00
AD4370,-I,2020-09-03 08:16:00,2020-09-03 09:16:00,2020-09-03 11:48:00,2020-09-03 17:28:00,0 days 00:50:00
AD4572,-M,2020-09-03 08:16:00,2020-09-03 12:38:00,2020-09-03 14:14:00,2020-09-03 17:28:00,0 days 01:05:00
AD4568,-I,2020-09-04 08:35:00,2020-09-04 09:38:00,2020-09-04 11:53:00,2020-09-04 17:23:00,0 days 01:56:00
AD4526,-I,2020-09-05 12:15:00,2020-09-05 12:52:00,2020-09-05 13:33:00,2020-09-05 20:58:00,0 days 01:04:00
AD4527,-M,2020-09-05 12:15:00,2020-09-05 14:37:00,2020-09-05 15:22:00,2020-09-05 20:58:00,0 days 02:06:00
AD4698,-I,2020-09-09 07:40:00,2020-09-09 08:19:00,2020-09-09 09:41:00,2020-09-09 18:21:00,0 days 01:34:00
AD2005,-M,2020-09-09 07:40:00,2020-09-09 11:15:00,2020-09-09 13:25:00,2020-09-09 18:21:00,0 days 01:25:00
AD4431,-I,2020-09-15 08:05:00,2020-09-15 08:47:00,2020-09-15 11:14:00,2020-09-15 19:37:00,0 days 01:14:00
AD4562,-M,2020-09-15 08:05:00,2020-09-15 12:28:00,2020-09-15 14:05:00,2020-09-15 19:37:00,0 days 01:47:00
AD4372,-I,2020-09-16 22:55:00,2020-09-16 23:58:00,2020-09-17 02:06:00,2020-09-17 06:05:00,0 days 01:04:00
AD4079,-I,2020-11-03 08:05:00,2020-11-03 08:45:00,2020-11-03 11:45:00,2020-11-03 15:06:00,0 days 01:16:00
AD4161,-I,2020-11-04 05:20:00,2020-11-04 06:02:00,2020-11-04 07:52:00,2020-11-04 12:17:00,0 days 01:06:00
AD9242,-I,2020-11-06 22:45:00,2020-11-06 23:57:00,2020-11-07 02:37:00,2020-11-07 06:48:00,0 days 00:44:00
AD4451,-I,2020-11-09 21:31:00,2020-11-09 22:11:00,2020-11-10 00:57:00,2020-11-10 04:04:00,0 days 01:09:00
AD4545,-I,2020-11-11 21:30:00,2020-11-11 22:05:00,2020-11-11 23:26:00,2020-11-12 07:10:00,0 days 00:27:00
AD4169,-M,2020-11-11 21:30:00,2020-11-11 23:53:00,2020-11-12 01:27:00,2020-11-12 07:10:00,0 days 00:54:00
AD4940,-I,2020-11-13 08:15:00,2020-11-13 10:25:00,2020-11-13 12:44:00,2020-11-13 18:11:00,0 days 00:56:00
AD4572,-M,2020-11-13 08:15:00,2020-11-13 13:40:00,2020-11-13 15:24:00,2020-11-13 18:11:00,0 days 01:08:00
AD4569,-I,2020-11-15 13:10:00,2020-11-15 14:13:00,2020-11-15 16:34:00,2020-11-16 00:06:00,0 days 01:19:00
AD4472,-M,2020-11-15 13:10:00,2020-11-15 17:53:00,2020-11-15 19:37:00,2020-11-16 00:06:00,0 days 01:16:00
AD4036,-I,2020-11-16 18:35:00,2020-11-16 19:24:00,2020-11-16 20:37:00,2020-11-17 01:16:00,0 days 00:58:00
AD4201,-I,2020-11-18 16:35:00,2020-11-18 17:35:00,2020-11-18 20:51:00,2020-11-19 01:12:00,0 days 01:00:00
AD4605,-I,2020-11-20 04:30:00,2020-11-20 05:31:00,2020-11-20 05:58:00,2020-11-20 12:35:00,0 days 01:41:00
AD4605,-M,2020-11-20 04:30:00,2020-11-20 07:39:00,2020-11-20 10:03:00,2020-11-20 12:35:00,0 days 00:42:00
AD4106,-I,2020-12-19 20:45:00,2020-12-19 22:00:00,2020-12-20 01:16:00,2020-12-20 04:59:00,0 days 01:05:00
AD4444,-M,2020-12-19 20:45:00,2020-12-20 02:21:00,2020-12-20 02:42:00,2020-12-20 04:59:00,0 days 00:27:00
AD4445,-I,2020-12-21 04:09:00,2020-12-21 04:49:00,2020-12-21 06:11:00,2020-12-21 09:23:00,0 days 00:49:00
AD4100,-I,2020-12-22 09:06:00,2020-12-22 09:46:00,2020-12-22 11:40:00,2020-12-22 20:11:00,0 days 00:59:00
AD4218,-M,2020-12-22 09:06:00,2020-12-22 12:39:00,2020-12-22 13:42:00,2020-12-22 20:11:00,0 days 01:25:00
AD4463,-M,2020-12-22 09:06:00,2020-12-22 15:07:00,2020-12-22 16:09:00,2020-12-22 20:11:00,0 days 01:44:00
AD4348,-I,2020-12-23 14:30:00,2020-12-23 15:49:00,2020-12-23 16:08:00,2020-12-23 23:50:00,0 days 04:43:00
AD4026,-I,2020-12-28 04:50:00,2020-12-28 05:43:00,2020-12-28 07:14:00,2020-12-28 11:04:00,0 days 00:54:00
AD9066,-I,2021-01-08 01:20:00,2021-01-08 02:00:00,2021-01-08 03:42:00,2021-01-08 06:38:00,0 days 00:45:00
AD4623,-I,2021-01-09 05:20:00,2021-01-09 05:59:00,2021-01-09 06:56:00,2021-01-09 12:40:00,0 days 02:42:00
AD4522,-M,2021-01-14 03:16:00,2021-01-14 06:24:00,2021-01-14 07:27:00,2021-01-14 11:06:00,0 days 01:04:00
AD4854,-I,2021-01-15 11:10:00,2021-01-15 11:58:00,2021-01-15 14:14:00,2021-01-15 20:45:00,0 days 01:08:00
AD4855,-M,2021-01-15 11:10:00,2021-01-15 15:22:00,2021-01-15 17:17:00,2021-01-15 20:45:00,0 days 00:45:00
AD4458,-I,2021-01-16 09:40:00,2021-01-16 10:32:00,2021-01-16 13:11:00,2021-01-16 21:10:00,0 days 01:01:00
AD4014,-M,2021-01-16 09:40:00,2021-01-16 14:12:00,2021-01-16 16:03:00,2021-01-16 21:10:00,0 days 01:18:00
AD4340,-I,2021-01-31 22:55:00,2021-01-31 23:55:00,2021-02-01 00:48:00,2021-02-01 05:25:00,0 days 01:06:00
AD4995,-I,2021-02-08 22:55:00,2021-02-08 23:59:00,2021-02-09 00:27:00,2021-02-09 05:22:00,0 days 01:59:00
AD4628,-I,2021-02-13 12:40:00,2021-02-13 13:45:00,2021-02-13 16:49:00,2021-02-13 21:31:00,0 days 01:05:00
AD4569,-I,2021-02-18 13:35:00,2021-02-18 14:06:00,2021-02-18 16:21:00,2021-02-19 00:55:00,0 days 02:18:00
AD4914,-M,2021-02-18 13:35:00,2021-02-18 18:39:00,2021-02-18 21:11:00,2021-02-19 00:55:00,0 days 01:06:00
AD4914,-I,2021-02-19 18:00:00,2021-02-19 18:45:00,2021-02-19 21:13:00,2021-02-20 01:00:00,0 days 00:59:00
AD4438,-I,2021-03-02 12:30:00,2021-03-02 13:29:00,2021-03-02 14:23:00,2021-03-02 21:25:00,0 days 01:03:00
AD4439,-M,2021-03-02 12:30:00,2021-03-02 15:26:00,2021-03-02 16:14:00,2021-03-02 21:25:00,0 days 01:11:00
AD4620,-I,2021-03-03 17:00:00,2021-03-03 17:40:00,2021-03-03 20:54:00,2021-03-03 23:50:00,0 days 01:06:00
AD4564,-I,2021-03-05 11:45:00,2021-03-05 12:40:00,2021-03-05 14:06:00,2021-03-05 21:15:00,0 days 00:58:00
AD4565,-M,2021-03-05 11:45:00,2021-03-05 15:04:00,2021-03-05 16:20:00,2021-03-05 21:15:00,0 days 01:17:00
AD4028,-M,2021-03-10 06:30:00,2021-03-10 08:31:00,2021-03-10 09:43:00,2021-03-10 12:18:00,0 days 00:54:00
AD4064,-M,2021-03-24 08:10:00,2021-03-24 08:56:00,2021-03-24 09:55:00,2021-03-24 12:21:00,0 days 00:57:00
AD4153,-I,2021-03-26 02:00:00,2021-03-26 02:51:00,2021-03-26 06:03:00,2021-03-26 10:33:00,0 days 02:20:00
AD4574,-I,2021-03-27 04:45:00,2021-03-27 05:17:00,2021-03-27 07:26:00,2021-03-27 11:55:00,0 days 01:25:00
AD4338,-I,2021-04-13 13:00:00,2021-04-13 13:55:00,2021-04-13 14:59:00,2021-04-13 21:01:00,0 days 02:20:00
AD4528,-I,2021-04-14 23:15:00,2021-04-14 23:54:00,2021-04-15 01:00:00,2021-04-15 05:36:00,0 days 00:59:00
AD4232,-I,2021-04-16 04:20:00,2021-04-16 04:58:00,2021-04-16 07:46:00,2021-04-16 12:51:00,0 days 01:20:00
AD4769,-I,2021-04-17 08:25:00,2021-04-17 09:07:00,2021-04-17 10:17:00,2021-04-17 15:29:00,0 days 01:42:00
AD4422,-M,2021-04-17 08:25:00,2021-04-17 11:59:00,2021-04-17 12:57:00,2021-04-17 15:29:00,0 days 01:00:00
AD4337,-I,2021-04-18 10:30:00,2021-04-18 11:20:00,2021-04-18 11:32:00,2021-04-18 21:35:00,0 days 01:05:00
AD4337,-M,2021-04-18 10:30:00,2021-04-18 12:37:00,2021-04-18 15:31:00,2021-04-18 21:35:00,0 days 02:21:00
AD4943,-M,2021-04-18 10:30:00,2021-04-18 17:52:00,2021-04-18 19:25:00,2021-04-18 21:35:00,0 days 00:35:00
AD4145,-I,2021-04-23 12:15:00,2021-04-23 13:08:00,2021-04-23 16:19:00,2021-04-23 21:20:00,0 days 01:17:00
AD4995,-I,2021-04-25 22:55:00,2021-04-25 23:54:00,2021-04-26 00:35:00,2021-04-26 05:29:00,0 days 02:02:00
AD4628,-I,2021-04-29 12:40:00,2021-04-29 13:27:00,2021-04-29 16:24:00,2021-04-29 22:24:00,0 days 01:00:00
AD4108,-M,2021-04-29 12:40:00,2021-04-29 17:24:00,2021-04-29 20:06:00,2021-04-29 22:24:00,0 days 00:50:00
AD4075,-I,2021-04-30 14:15:00,2021-04-30 14:51:00,2021-04-30 15:46:00,2021-04-30 22:52:00,0 days 02:41:00
AD4577,-M,2021-04-30 14:15:00,2021-04-30 18:27:00,2021-04-30 18:44:00,2021-04-30 22:52:00,0 days 00:25:00
AD4888,-I,2021-08-19 12:55:00,2021-08-19 13:54:00,2021-08-19 15:08:00,2021-08-20 00:34:00,0 days 02:02:00
AD2757,-M,2021-08-19 12:55:00,2021-08-19 17:10:00,2021-08-19 18:22:00,2021-08-20 00:34:00,0 days 00:49:00
AD4524,-M,2021-08-19 12:55:00,2021-08-19 19:11:00,2021-08-19 20:12:00,2021-08-20 00:34:00,0 days 01:33:00
AD2400,-I,2021-08-21 12:10:00,2021-08-21 13:33:00,2021-08-21 16:46:00,2021-08-21 21:32:00,0 days 01:00:00
AD2713,-M,2021-08-23 22:00:00,2021-08-23 23:51:00,2021-08-24 00:30:00,2021-08-24 05:18:00,0 days 01:54:00
AD2810,-I,2021-08-25 12:35:00,2021-08-25 13:25:00,2021-08-25 16:34:00,2021-08-25 21:07:00,0 days 01:27:00
AD4554,-I,2021-08-29 22:15:00,2021-08-29 23:14:00,2021-08-30 00:48:00,2021-08-30 05:23:00,0 days 00:49:00
AD4047,-I,2021-09-02 05:28:00,2021-09-02 06:08:00,2021-09-02 07:33:00,2021-09-02 11:36:00,0 days 01:11:00
AD4508,-I,2021-09-03 07:27:00,2021-09-03 08:27:00,2021-09-03 11:47:00,2021-09-03 15:12:00,0 days 01:19:00
AD4080,-I,2021-09-04 04:30:00,2021-09-04 05:09:00,2021-09-04 06:53:00,2021-09-04 10:31:00,0 days 02:16:00
AD2483,-I,2021-09-05 04:20:00,2021-09-05 04:55:00,2021-09-05 07:31:00,2021-09-05 11:42:00,0 days 01:20:00
AD4866,-I,2021-09-10 05:10:00,2021-09-10 06:05:00,2021-09-10 07:30:00,2021-09-10 13:11:00,0 days 01:00:00
AD4867,-M,2021-09-10 05:10:00,2021-09-10 08:30:00,2021-09-10 09:59:00,2021-09-10 13:11:00,0 days 01:00:00
AD2608,-I,2021-09-11 05:25:00,2021-09-11 06:51:00,2021-09-11 08:32:00,2021-09-11 11:12:00,0 days 00:42:00
AD5041,-I,2021-09-12 11:50:00,2021-09-12 12:21:00,2021-09-12 15:23:00,2021-09-13 00:17:00,0 days 00:58:00
AD4776,-M,2021-09-12 11:50:00,2021-09-12 16:21:00,2021-09-12 17:27:00,2021-09-13 00:17:00,0 days 01:37:00
AD4132,-M,2021-09-12 11:50:00,2021-09-12 19:04:00,2021-09-12 20:24:00,2021-09-13 00:17:00,0 days 01:11:00
AD4914,-I,2021-09-13 17:20:00,2021-09-13 18:02:00,2021-09-13 20:39:00,2021-09-14 00:12:00,0 days 00:53:00
AD4171,-I,2021-09-20 08:15:00,2021-09-20 09:14:00,2021-09-20 10:41:00,2021-09-20 14:53:00,0 days 00:42:00
AD4348,-M,2021-09-20 08:15:00,2021-09-20 11:23:00,2021-09-20 12:24:00,2021-09-20 14:53:00,0 days 00:55:00
AD4498,-I,2021-09-21 05:10:00,2021-09-21 05:52:00,2021-09-21 07:17:00,2021-09-21 10:40:00,0 days 01:46:00
AD5041,-I,2021-09-22 11:35:00,2021-09-22 12:07:00,2021-09-22 15:10:00,2021-09-23 00:15:00,0 days 02:13:00
AD2886,-M,2021-09-22 11:35:00,2021-09-22 17:23:00,2021-09-22 18:57:00,2021-09-23 00:15:00,0 days 00:42:00
AD2945,-M,2021-09-22 11:35:00,2021-09-22 19:39:00,2021-09-22 21:23:00,2021-09-23 00:15:00,0 days 00:52:00
AD4080,-I,2021-09-24 04:30:00,2021-09-24 05:10:00,2021-09-24 06:52:00,2021-09-24 13:00:00,0 days 01:25:00
AD4347,-M,2021-09-24 04:30:00,2021-09-24 08:17:00,2021-09-24 09:57:00,2021-09-24 13:00:00,0 days 00:57:00
AD4498,-I,2021-09-28 05:10:00,2021-09-28 05:49:00,2021-09-28 07:10:00,2021-09-28 10:40:00,0 days 01:51:00
AD2751,-I,2021-09-29 01:15:00,2021-09-29 01:48:00,2021-09-29 04:57:00,2021-09-29 10:20:00,0 days 01:06:00
AD4522,-M,2021-09-29 01:15:00,2021-09-29 06:03:00,2021-09-29 07:04:00,2021-09-29 10:20:00,0 days 01:03:00
AD4572,-I,2021-09-30 11:45:00,2021-09-30 12:19:00,2021-09-30 14:01:00,2021-09-30 22:50:00,0 days 01:10:00
AD4917,-M,2021-09-30 11:45:00,2021-09-30 15:11:00,2021-09-30 16:22:00,2021-09-30 22:50:00,0 days 01:12:00
AD4239,-M,2021-09-30 11:45:00,2021-09-30 17:34:00,2021-09-30 18:32:00,2021-09-30 22:50:00,0 days 00:44:00
AD4840,-I,2021-10-03 07:15:00,2021-10-03 08:23:00,2021-10-03 11:40:00,2021-10-03 16:42:00,0 days 01:05:00
AD4218,-M,2021-10-03 07:15:00,2021-10-03 12:45:00,2021-10-03 13:57:00,2021-10-03 16:42:00,0 days 01:12:00
AD4230,-I,2021-10-04 12:10:00,2021-10-04 12:50:00,2021-10-04 14:01:00,2021-10-04 16:22:00,0 days 00:41:00
AD4460,-I,2021-10-05 12:25:00,2021-10-05 13:01:00,2021-10-05 14:10:00,2021-10-05 22:07:00,0 days 00:51:00
AD4210,-M,2021-10-05 12:25:00,2021-10-05 15:01:00,2021-10-05 16:03:00,2021-10-05 22:07:00,0 days 01:43:00
AD4580,-M,2021-10-05 12:25:00,2021-10-05 17:46:00,2021-10-05 18:53:00,2021-10-05 22:07:00,0 days 01:25:00
AD2654,-I,2021-10-06 22:00:00,2021-10-06 22:40:00,2021-10-07 00:04:00,2021-10-07 07:30:00,0 days 02:00:00
AD4160,-I,2021-10-07 22:00:00,2021-10-07 22:58:00,2021-10-08 00:37:00,2021-10-08 05:40:00,0 days 01:17:00
AD4079,-I,2021-10-11 07:45:00,2021-10-11 08:49:00,2021-10-11 11:45:00,2021-10-11 14:55:00,0 days 00:45:00
AD4352,-I,2021-10-13 00:45:00,2021-10-13 01:27:00,2021-10-13 02:31:00,2021-10-13 07:45:00,0 days 00:53:00
AD4360,-M,2021-10-13 00:45:00,2021-10-13 03:24:00,2021-10-13 04:25:00,2021-10-13 07:45:00,0 days 00:44:00
AD4160,-I,2021-10-13 21:30:00,2021-10-13 22:25:00,2021-10-14 00:06:00,2021-10-14 05:40:00,0 days 01:44:00
AD2483,-I,2021-10-17 04:20:00,2021-10-17 05:07:00,2021-10-17 07:46:00,2021-10-17 11:40:00,0 days 01:08:00
AD2751,-I,2021-10-18 01:20:00,2021-10-18 01:59:00,2021-10-18 05:10:00,2021-10-18 10:10:00,0 days 00:58:00
AD4769,-I,2021-10-19 08:15:00,2021-10-19 08:55:00,2021-10-19 10:29:00,2021-10-19 15:45:00,0 days 01:49:00
AD4422,-M,2021-10-19 08:15:00,2021-10-19 12:18:00,2021-10-19 13:21:00,2021-10-19 15:45:00,0 days 00:50:00
AD4238,-I,2021-10-20 07:50:00,2021-10-20 08:30:00,2021-10-20 11:25:00,2021-10-20 20:20:00,0 days 02:00:00
AD4031,-M,2021-10-20 07:50:00,2021-10-20 13:25:00,2021-10-20 16:10:00,2021-10-20 20:20:00,0 days 00:42:00
AD4554,-I,2021-10-22 22:35:00,2021-10-22 23:43:00,2021-10-23 01:04:00,2021-10-23 05:40:00,0 days 00:51:00
AD4942,-I,2021-10-29 05:20:00,2021-10-29 06:21:00,2021-10-29 06:37:00,2021-10-29 10:52:00,0 days 01:35:00
AD4336,-I,2021-12-08 07:45:00,2021-12-08 08:51:00,2021-12-08 09:59:00,2021-12-08 16:33:00,0 days 01:01:00
AD4342,-M,2021-12-08 07:45:00,2021-12-08 11:00:00,2021-12-08 12:51:00,2021-12-08 16:33:00,0 days 01:12:00
AD4342,-I,2021-12-09 10:15:00,2021-12-09 11:09:00,2021-12-09 13:02:00,2021-12-09 20:35:00,0 days 01:01:00
AD4345,-M,2021-12-09 10:15:00,2021-12-09 14:03:00,2021-12-09 15:54:00,2021-12-09 20:35:00,0 days 01:10:00
AD2476,-I,2021-12-12 07:00:00,2021-12-12 08:05:00,2021-12-12 09:53:00,2021-12-12 13:04:00,0 days 00:37:00
AD4840,-I,2021-12-13 07:20:00,2021-12-13 08:24:00,2021-12-13 11:47:00,2021-12-13 16:22:00,0 days 01:05:00
AD4840,-M,2021-12-13 07:20:00,2021-12-13 12:52:00,2021-12-13 13:48:00,2021-12-13 16:22:00,0 days 01:04:00
AD2705,-I,2021-12-14 16:15:00,2021-12-14 16:53:00,2021-12-14 20:29:00,2021-12-15 01:30:00,0 days 01:15:00
AD4501,-I,2021-12-16 01:40:00,2021-12-16 02:41:00,2021-12-16 05:40:00,2021-12-16 10:27:00,0 days 01:01:00
AD4323,-M,2021-12-16 01:40:00,2021-12-16 06:41:00,2021-12-16 07:50:00,2021-12-16 10:27:00,0 days 00:58:00
AD4840,-I,2021-12-20 07:35:00,2021-12-20 08:14:00,2021-12-20 11:24:00,2021-12-20 17:01:00,0 days 01:33:00
AD4218,-M,2021-12-20 07:35:00,2021-12-20 12:57:00,2021-12-20 14:00:00,2021-12-20 17:01:00,0 days 01:31:00
AD4840,-I,2021-12-21 12:15:00,2021-12-21 13:01:00,2021-12-21 13:53:00,2021-12-21 21:25:00,0 days 00:57:00
AD2705,-M,2021-12-21 12:15:00,2021-12-21 14:50:00,2021-12-21 15:41:00,2021-12-21 21:25:00,0 days 01:44:00
AD2991,-I,2022-01-05 13:20:00,2022-01-05 14:09:00,2022-01-05 16:21:00,2022-01-06 00:55:00,0 days 01:43:00
AD4914,-M,2022-01-05 13:20:00,2022-01-05 18:04:00,2022-01-05 21:20:00,2022-01-06 00:55:00,0 days 00:48:00
AD2917,-I,2022-01-06 14:05:00,2022-01-06 15:01:00,2022-01-06 16:18:00,2022-01-07 00:53:00,0 days 01:15:00
AD4503,-M,2022-01-06 14:05:00,2022-01-06 17:33:00,2022-01-06 20:13:00,2022-01-07 00:53:00,0 days 01:51:00
AD2701,-I,2022-01-08 07:40:00,2022-01-08 08:35:00,2022-01-08 11:07:00,2022-01-08 17:40:00,0 days 03:19:00
AD4079,-I,2022-01-19 07:32:00,2022-01-19 08:12:00,2022-01-19 11:23:00,2022-01-19 16:35:00,0 days 00:54:00
AD2723,-M,2022-01-19 07:32:00,2022-01-19 12:17:00,2022-01-19 14:08:00,2022-01-19 16:35:00,0 days 00:48:00
AD2619,-I,2022-01-20 16:05:00,2022-01-20 17:15:00,2022-01-20 20:43:00,2022-01-20 22:51:00,0 days 01:26:00
AD4840,-I,2022-01-22 07:15:00,2022-01-22 08:14:00,2022-01-22 11:31:00,2022-01-22 19:17:00,0 days 03:26:00
AD4432,-M,2022-01-22 07:15:00,2022-01-22 14:57:00,2022-01-22 16:22:00,2022-01-22 19:17:00,0 days 01:11:00
AD4340,-I,2022-01-26 22:45:00,2022-01-26 23:44:00,2022-01-27 00:48:00,2022-01-27 05:28:00,0 days 01:01:00
AD4338,-I,2022-02-04 13:30:00,2022-02-04 14:22:00,2022-02-04 15:22:00,2022-02-05 00:31:00,0 days 01:35:00
AD4512,-M,2022-02-04 13:30:00,2022-02-04 16:57:00,2022-02-04 20:26:00,2022-02-05 00:31:00,0 days 01:36:00
AD4216,-I,2022-02-05 18:50:00,2022-02-05 19:23:00,2022-02-05 21:14:00,2022-02-06 01:21:00,0 days 00:56:00
AD4631,-I,2022-02-06 16:40:00,2022-02-06 17:41:00,2022-02-06 20:54:00,2022-02-06 23:33:00,0 days 00:47:00
AD4155,-I,2022-02-07 18:45:00,2022-02-07 19:22:00,2022-02-07 20:44:00,2022-02-08 00:42:00,0 days 01:24:00
AD2785,-I,2022-02-19 05:30:00,2022-02-19 06:00:00,2022-02-19 07:49:00,2022-02-19 12:13:00,0 days 00:58:00
AD4824,-I,2022-02-20 04:05:00,2022-02-20 04:54:00,2022-02-20 07:48:00,2022-02-20 11:57:00,0 days 00:51:00
AD2990,-I,2022-02-21 12:10:00,2022-02-21 13:09:00,2022-02-21 15:57:00,2022-02-21 18:25:00,0 days 00:58:00
AD4347,-I,2022-02-26 07:10:00,2022-02-26 08:22:00,2022-02-26 10:02:00,2022-02-26 18:08:00,0 days 02:08:00
AD4216,-M,2022-02-26 07:10:00,2022-02-26 12:10:00,2022-02-26 13:55:00,2022-02-26 18:08:00,0 days 00:57:00
AD5024,-I,2022-02-27 07:55:00,2022-02-27 08:49:00,2022-02-27 11:48:00,2022-02-27 16:12:00,0 days 01:14:00
AD5024,-I,2022-02-28 07:55:00,2022-02-28 08:50:00,2022-02-28 11:35:00,2022-02-28 16:05:00,0 days 01:20:00
AD5024,-I,2022-03-01 07:45:00,2022-03-01 09:09:00,2022-03-01 09:45:00,2022-03-01 19:05:00,0 days 02:40:00
AD5024,-M,2022-03-01 07:45:00,2022-03-01 12:25:00,2022-03-01 15:14:00,2022-03-01 19:05:00,0 days 00:37:00
AD5024,-I,2022-03-02 07:45:00,2022-03-02 08:40:00,2022-03-02 11:30:00,2022-03-02 16:13:00,0 days 03:03:00
AD2960,-M,2022-03-05 12:00:00,2022-03-05 13:09:00,2022-03-05 14:37:00,2022-03-05 20:25:00,0 days 00:56:00
AD2416,-M,2022-03-05 12:00:00,2022-03-05 15:33:00,2022-03-05 17:17:00,2022-03-05 20:25:00,0 days 00:43:00
AD2643,-I,2022-03-11 19:35:00,2022-03-11 20:33:00,2022-03-11 21:51:00,2022-03-12 04:10:00,0 days 00:57:00
AD4604,-M,2022-03-11 19:35:00,2022-03-11 22:48:00,2022-03-12 01:07:00,2022-03-12 04:10:00,0 days 01:31:00
AD4864,-I,2022-03-13 16:05:00,2022-03-13 17:47:00,2022-03-13 19:25:00,2022-03-13 22:06:00,0 days 00:41:00
AD5086,-I,2022-03-14 15:00:00,2022-03-14 16:02:00,2022-03-14 17:20:00,2022-03-14 21:28:00,0 days 00:56:00
AD2990,-I,2022-03-15 11:50:00,2022-03-15 12:47:00,2022-03-15 15:39:00,2022-03-15 18:44:00,0 days 01:21:00
AD2920,-I,2022-03-21 17:24:00,2022-03-21 18:24:00,2022-03-21 19:34:00,2022-03-22 02:42:00,0 days 00:40:00
AD4213,-M,2022-03-21 17:24:00,2022-03-21 20:14:00,2022-03-21 21:34:00,2022-03-22 02:42:00,0 days 01:44:00
AD4379,-I,2022-03-23 16:25:00,2022-03-23 16:51:00,2022-03-23 19:47:00,2022-03-24 02:17:00,0 days 03:51:00
AD4914,-I,2022-03-24 17:20:00,2022-03-24 17:53:00,2022-03-24 20:21:00,2022-03-25 00:21:00,0 days 01:10:00
AD2917,-I,2022-03-25 14:30:00,2022-03-25 15:12:00,2022-03-25 16:26:00,2022-03-25 21:14:00,0 days 01:34:00
AD4395,-I,2022-03-26 10:05:00,2022-03-26 10:36:00,2022-03-26 12:17:00,2022-03-26 21:01:00,0 days 01:35:00
AD2404,-M,2022-03-26 10:05:00,2022-03-26 13:52:00,2022-03-26 16:48:00,2022-03-26 21:01:00,0 days 00:47:00
AD2921,-I,2022-03-28 12:20:00,2022-03-28 12:55:00,2022-03-28 14:25:00,2022-03-28 23:11:00,0 days 01:10:00
AD4206,-M,2022-03-28 12:20:00,2022-03-28 15:35:00,2022-03-28 17:34:00,2022-03-28 23:11:00,0 days 02:10:00
AD4501,-I,2022-03-31 01:30:00,2022-03-31 02:05:00,2022-03-31 05:11:00,2022-03-31 07:48:00,0 days 00:54:00
AD2886,-I,2022-04-14 16:10:00,2022-04-14 17:52:00,2022-04-14 19:29:00,2022-04-15 01:00:00,0 days 00:45:00
AD2945,-M,2022-04-14 16:10:00,2022-04-14 20:14:00,2022-04-14 21:53:00,2022-04-15 01:00:00,0 days 00:59:00
AD2945,-I,2022-04-15 17:45:00,2022-04-15 18:20:00,2022-04-15 19:57:00,2022-04-16 01:15:00,0 days 00:40:00
AD2643,-M,2022-04-15 17:45:00,2022-04-15 20:37:00,2022-04-15 21:35:00,2022-04-16 01:15:00,0 days 00:50:00
AD2720,-I,2022-04-16 15:20:00,2022-04-16 15:57:00,2022-04-16 17:36:00,2022-04-16 22:11:00,0 days 01:05:00
AD4145,-I,2022-04-17 12:40:00,2022-04-17 13:36:00,2022-04-17 16:50:00,2022-04-18 00:22:00,0 days 01:13:00
AD4250,-M,2022-04-17 12:40:00,2022-04-17 18:03:00,2022-04-17 21:08:00,2022-04-18 00:22:00,0 days 01:12:00
AD2829,-I,2022-04-18 14:25:00,2022-04-18 15:19:00,2022-04-18 16:39:00,2022-04-18 22:55:00,0 days 01:13:00
AD2653,-M,2022-04-18 14:25:00,2022-04-18 17:52:00,2022-04-18 19:19:00,2022-04-18 22:55:00,0 days 00:44:00
AD4572,-I,2022-04-22 17:05:00,2022-04-22 17:41:00,2022-04-22 19:21:00,2022-04-22 23:18:00,0 days 02:02:00
AD4905,-I,2022-04-29 10:30:00,2022-04-29 11:41:00,2022-04-29 14:00:00,2022-04-29 21:11:00,0 days 00:55:00
AD4906,-M,2022-04-29 10:30:00,2022-04-29 14:55:00,2022-04-29 17:13:00,2022-04-29 21:11:00,0 days 00:51:00
AD4144,-I,2022-04-30 13:00:00,2022-04-30 13:49:00,2022-04-30 16:46:00,2022-04-30 21:03:00,0 days 01:10:00
AD5041,-I,2022-05-01 10:55:00,2022-05-01 11:36:00,2022-05-01 14:32:00,2022-05-01 21:49:00,0 days 01:49:00
AD4776,-M,2022-05-01 10:55:00,2022-05-01 16:21:00,2022-05-01 17:42:00,2022-05-01 21:49:00,0 days 01:14:00
AD4109,-I,2022-05-11 03:30:00,2022-05-11 04:22:00,2022-05-11 07:35:00,2022-05-11 11:37:00,0 days 00:59:00
AD4145,-I,2022-05-12 12:40:00,2022-05-12 13:34:00,2022-05-12 16:45:00,2022-05-13 00:10:00,0 days 01:16:00
AD4250,-M,2022-05-12 12:40:00,2022-05-12 18:01:00,2022-05-12 21:16:00,2022-05-13 00:10:00,0 days 01:03:00
AD2829,-I,2022-05-13 14:20:00,2022-05-13 15:16:00,2022-05-13 16:45:00,2022-05-13 21:18:00,0 days 01:18:00
AD4026,-I,2022-05-18 04:30:00,2022-05-18 05:32:00,2022-05-18 07:06:00,2022-05-18 13:07:00,0 days 00:55:00
AD4698,-M,2022-05-18 04:30:00,2022-05-18 08:01:00,2022-05-18 09:38:00,2022-05-18 13:07:00,0 days 00:58:00
AD2498,-I,2022-05-21 08:20:00,2022-05-21 09:24:00,2022-05-21 12:35:00,2022-05-21 17:16:00,0 days 01:01:00
AD2438,-I,2022-05-22 08:00:00,2022-05-22 08:39:00,2022-05-22 11:15:00,2022-05-22 18:30:00,0 days 01:22:00
AD2723,-M,2022-05-22 08:00:00,2022-05-22 12:37:00,2022-05-22 14:30:00,2022-05-22 18:30:00,0 days 00:44:00
AD5070,-I,2022-05-23 07:45:00,2022-05-23 08:41:00,2022-05-23 11:09:00,2022-05-23 15:11:00,0 days 01:33:00
AD4360,-I,2022-05-24 04:50:00,2022-05-24 05:52:00,2022-05-24 07:46:00,2022-05-24 10:36:00,0 days 00:55:00
AD4049,-I,2022-05-28 08:20:00,2022-05-28 08:54:00,2022-05-28 10:01:00,2022-05-28 15:51:00,0 days 00:53:00
AD4328,-M,2022-05-28 08:20:00,2022-05-28 10:54:00,2022-05-28 12:09:00,2022-05-28 15:51:00,0 days 02:04:00
AD2449,-I,2022-05-29 03:50:00,2022-05-29 04:30:00,2022-05-29 07:22:00,2022-05-29 10:01:00,0 days 00:47:00
AD5056,-I,2022-05-30 03:00:00,2022-05-30 03:44:00,2022-05-30 07:21:00,2022-05-30 11:17:00,0 days 01:19:00
AD4347,-I,2022-06-06 07:10:00,2022-06-06 08:16:00,2022-06-06 09:50:00,2022-06-06 17:54:00,0 days 01:05:00
AD4303,-M,2022-06-06 07:10:00,2022-06-06 10:55:00,2022-06-06 12:39:00,2022-06-06 17:54:00,0 days 01:22:00
AD5056,-I,2022-06-07 17:35:00,2022-06-07 18:16:00,2022-06-07 21:46:00,2022-06-08 02:06:00,0 days 01:04:00
AD2810,-I,2022-06-19 12:25:00,2022-06-19 13:24:00,2022-06-19 16:23:00,2022-06-19 23:37:00,0 days 01:13:00
AD4503,-M,2022-06-19 12:25:00,2022-06-19 17:36:00,2022-06-19 20:08:00,2022-06-19 23:37:00,0 days 01:23:00
AD9089,-I,2022-06-20 14:05:00,2022-06-20 15:08:00,2022-06-20 16:52:00,2022-06-20 22:57:00,0 days 00:45:00
AD9088,-M,2022-06-20 14:05:00,2022-06-20 17:37:00,2022-06-20 19:13:00,2022-06-20 22:57:00,0 days 00:38:00
AD2408,-I,2022-07-02 12:35:00,2022-07-02 13:17:00,2022-07-02 15:10:00,2022-07-03 00:23:00,0 days 00:51:00
AD2419,-M,2022-07-02 12:35:00,2022-07-02 16:01:00,2022-07-02 18:06:00,2022-07-03 00:23:00,0 days 04:17:00
AD4080,-I,2022-07-04 04:35:00,2022-07-04 05:23:00,2022-07-04 07:03:00,2022-07-04 12:01:00,0 days 00:54:00
AD4363,-M,2022-07-04 04:35:00,2022-07-04 07:57:00,2022-07-04 09:25:00,2022-07-04 12:01:00,0 days 00:43:00
AD4824,-I,2022-07-08 03:35:00,2022-07-08 04:37:00,2022-07-08 07:25:00,2022-07-08 10:53:00,0 days 01:48:00
AD2921,-I,2022-07-12 12:25:00,2022-07-12 13:05:00,2022-07-12 14:48:00,2022-07-12 22:53:00,0 days 00:52:00
AD4206,-M,2022-07-12 12:25:00,2022-07-12 15:40:00,2022-07-12 17:19:00,2022-07-12 22:53:00,0 days 00:49:00
AD4038,-M,2022-07-12 12:25:00,2022-07-12 18:08:00,2022-07-12 19:54:00,2022-07-12 22:53:00,0 days 00:52:00
AD4850,-I,2022-07-14 18:45:00,2022-07-14 19:19:00,2022-07-14 20:53:00,2022-07-15 00:58:00,0 days 01:54:00
AD4057,-I,2022-07-15 14:15:00,2022-07-15 14:51:00,2022-07-15 16:28:00,2022-07-15 22:50:00,0 days 02:58:00
AD2692,-M,2022-07-15 14:15:00,2022-07-15 19:26:00,2022-07-15 20:31:00,2022-07-15 22:50:00,0 days 00:47:00
AD2826,-I,2022-07-21 04:50:00,2022-07-21 05:28:00,2022-07-21 06:39:00,2022-07-21 13:10:00,0 days 00:57:00
AD4765,-I,2022-07-22 07:40:00,2022-07-22 08:36:00,2022-07-22 10:43:00,2022-07-22 17:16:00,0 days 00:55:00
AD4572,-M,2022-07-22 07:40:00,2022-07-22 11:38:00,2022-07-22 13:20:00,2022-07-22 17:16:00,0 days 01:06:00
AD4649,-I,2022-07-23 07:00:00,2022-07-23 07:51:00,2022-07-23 12:04:00,2022-07-23 14:39:00,0 days 00:45:00
AD4905,-I,2022-07-24 11:05:00,2022-07-24 12:18:00,2022-07-24 14:49:00,2022-07-24 22:11:00,0 days 00:50:00
AD4906,-M,2022-07-24 11:05:00,2022-07-24 15:39:00,2022-07-24 18:03:00,2022-07-24 22:11:00,0 days 01:01:00
AD4144,-I,2022-07-25 12:15:00,2022-07-25 12:51:00,2022-07-25 16:10:00,2022-07-25 22:46:00,0 days 01:23:00
AD2653,-M,2022-07-25 12:15:00,2022-07-25 17:33:00,2022-07-25 18:54:00,2022-07-25 22:46:00,0 days 00:53:00
AD4942,-I,2022-08-01 05:10:00,2022-08-01 06:12:00,2022-08-01 08:21:00,2022-08-01 14:00:00,0 days 00:46:00
AD2744,-I,2022-08-02 07:45:00,2022-08-02 08:28:00,2022-08-02 11:23:00,2022-08-02 19:10:00,0 days 02:20:00
AD2991,-I,2022-08-11 12:55:00,2022-08-11 13:58:00,2022-08-11 16:37:00,2022-08-12 00:38:00,0 days 01:42:00
AD4914,-M,2022-08-11 12:55:00,2022-08-11 18:19:00,2022-08-11 20:51:00,2022-08-12 00:38:00,0 days 00:55:00
AD4914,-I,2022-08-12 17:25:00,2022-08-12 18:20:00,2022-08-12 20:53:00,2022-08-13 00:31:00,0 days 00:51:00
AD2917,-I,2022-08-13 14:35:00,2022-08-13 15:05:00,2022-08-13 16:22:00,2022-08-13 21:09:00,0 days 01:21:00
AD4998,-I,2022-08-14 10:15:00,2022-08-14 10:41:00,2022-08-14 11:37:00,2022-08-14 14:55:00,0 days 01:23:00
AD4350,-I,2022-08-16 08:00:00,2022-08-16 08:59:00,2022-08-16 10:06:00,2022-08-16 13:25:00,0 days 00:56:00
AD4698,-I,2022-08-19 07:05:00,2022-08-19 08:11:00,2022-08-19 09:37:00,2022-08-19 18:22:00,0 days 00:54:00
AD5093,-M,2022-08-19 07:05:00,2022-08-19 10:31:00,2022-08-19 12:11:00,2022-08-19 18:22:00,0 days 01:06:00
AD4930,-M,2022-08-19 07:05:00,2022-08-19 13:17:00,2022-08-19 15:08:00,2022-08-19 18:22:00,0 days 00:45:00
AD2926,-I,2022-08-23 08:10:00,2022-08-23 08:57:00,2022-08-23 11:43:00,2022-08-23 14:33:00,0 days 00:54:00
AD4149,-I,2022-08-24 04:00:00,2022-08-24 04:39:00,2022-08-24 06:50:00,2022-08-24 09:42:00,0 days 01:12:00
AD2826,-I,2022-08-25 04:50:00,2022-08-25 05:27:00,2022-08-25 06:45:00,2022-08-25 13:20:00,0 days 00:53:00
AD2954,-I,2022-08-28 20:55:00,2022-08-28 21:51:00,2022-08-29 01:11:00,2022-08-29 05:23:00,0 days 01:02:00
AD4234,-M,2022-08-28 20:55:00,2022-08-29 02:13:00,2022-08-29 03:06:00,2022-08-29 05:23:00,0 days 00:53:00
AD4444,-I,2022-08-30 01:15:00,2022-08-30 01:51:00,2022-08-30 03:16:00,2022-08-30 05:56:00,0 days 00:44:00
AD4430,-I,2022-08-31 11:50:00,2022-08-31 12:26:00,2022-08-31 13:47:00,2022-08-31 20:47:00,0 days 01:05:00
AD4433,-M,2022-08-31 11:50:00,2022-08-31 14:52:00,2022-08-31 16:23:00,2022-08-31 20:47:00,0 days 00:57:00
AD4852,-I,2022-09-01 16:05:00,2022-09-01 17:13:00,2022-09-01 19:02:00,2022-09-02 01:23:00,0 days 00:34:00
AD4472,-M,2022-09-01 16:05:00,2022-09-01 19:36:00,2022-09-01 21:19:00,2022-09-02 01:23:00,0 days 01:12:00
AD4057,-I,2022-09-02 13:50:00,2022-09-02 14:37:00,2022-09-02 16:14:00,2022-09-02 22:47:00,0 days 01:11:00
AD4239,-M,2022-09-02 13:50:00,2022-09-02 17:25:00,2022-09-02 18:45:00,2022-09-02 22:47:00,0 days 00:35:00
AD4942,-I,2022-09-15 05:10:00,2022-09-15 06:11:00,2022-09-15 08:36:00,2022-09-15 12:32:00,0 days 02:04:00
AD4251,-I,2022-09-16 07:30:00,2022-09-16 08:37:00,2022-09-16 11:55:00,2022-09-16 16:28:00,0 days 01:03:00
AD4201,-I,2022-09-17 16:30:00,2022-09-17 17:19:00,2022-09-17 20:42:00,2022-09-18 01:42:00,0 days 01:40:00
AD4160,-I,2022-09-18 21:40:00,2022-09-18 22:43:00,2022-09-19 00:29:00,2022-09-19 05:43:00,0 days 01:30:00
AD2797,-I,2022-09-22 05:15:00,2022-09-22 06:19:00,2022-09-22 07:25:00,2022-09-22 12:44:00,0 days 00:59:00
AD2741,-M,2022-09-22 05:15:00,2022-09-22 08:24:00,2022-09-22 09:37:00,2022-09-22 12:44:00,0 days 01:26:00
AD4617,-I,2022-09-23 05:40:00,2022-09-23 06:18:00,2022-09-23 07:37:00,2022-09-23 12:24:00,0 days 01:31:00
AD2990,-I,2022-09-24 12:05:00,2022-09-24 13:01:00,2022-09-24 15:50:00,2022-09-24 21:22:00,0 days 02:12:00
AD4149,-I,2022-09-26 04:00:00,2022-09-26 04:40:00,2022-09-26 06:45:00,2022-09-26 10:03:00,0 days 01:27:00
AD4350,-I,2022-10-03 08:00:00,2022-10-03 08:57:00,2022-10-03 10:00:00,2022-10-03 15:11:00,0 days 02:49:00
AD4481,-I,2022-10-04 05:35:00,2022-10-04 06:05:00,2022-10-04 07:55:00,2022-10-04 11:38:00,0 days 01:25:00
AD4479,-I,2022-10-05 05:35:00,2022-10-05 06:08:00,2022-10-05 07:46:00,2022-10-05 11:57:00,0 days 01:03:00
AD2990,-I,2022-10-06 12:05:00,2022-10-06 13:10:00,2022-10-06 16:06:00,2022-10-06 22:15:00,0 days 01:02:00
AD4796,-M,2022-10-06 12:05:00,2022-10-06 17:08:00,2022-10-06 18:54:00,2022-10-06 22:15:00,0 days 00:46:00
AD4070,-I,2022-10-07 11:55:00,2022-10-07 12:36:00,2022-10-07 13:34:00,2022-10-07 23:15:00,0 days 02:44:00
AD4281,-M,2022-10-07 11:55:00,2022-10-07 16:18:00,2022-10-07 18:07:00,2022-10-07 23:15:00,0 days 01:07:00
AD4175,-M,2022-10-07 11:55:00,2022-10-07 19:14:00,2022-10-07 20:22:00,2022-10-07 23:15:00,0 days 00:49:00
AD2695,-M,2022-10-13 06:45:00,2022-10-13 07:54:00,2022-10-13 09:18:00,2022-10-13 15:23:00,0 days 01:26:00
AD9802,-M,2022-10-13 06:45:00,2022-10-13 10:44:00,2022-10-13 12:20:00,2022-10-13 15:23:00,0 days 00:52:00
AD4431,-I,2022-10-14 08:35:00,2022-10-14 09:17:00,2022-10-14 11:48:00,2022-10-14 18:42:00,0 days 00:42:00
AD2723,-M,2022-10-14 08:35:00,2022-10-14 12:30:00,2022-10-14 14:27:00,2022-10-14 18:42:00,0 days 00:45:00
AD2636,-I,2022-10-15 07:15:00,2022-10-15 08:09:00,2022-10-15 09:33:00,2022-10-15 16:30:00,0 days 01:28:00
AD2464,-M,2022-10-15 07:15:00,2022-10-15 11:01:00,2022-10-15 13:01:00,2022-10-15 16:30:00,0 days 00:53:00
AD4200,-I,2022-10-16 07:40:00,2022-10-16 08:16:00,2022-10-16 11:14:00,2022-10-16 14:33:00,0 days 01:11:00
AD4161,-I,2022-10-17 05:10:00,2022-10-17 05:42:00,2022-10-17 07:15:00,2022-10-17 13:48:00,0 days 02:51:00
AD4379,-I,2022-10-20 15:30:00,2022-10-20 16:00:00,2022-10-20 19:18:00,2022-10-21 01:30:00,0 days 01:34:00
AD4308,-M,2022-10-20 15:30:00,2022-10-20 20:52:00,2022-10-20 22:39:00,2022-10-21 01:30:00,0 days 00:40:00
AD4591,-I,2022-10-21 15:10:00,2022-10-21 16:01:00,2022-10-21 18:08:00,2022-10-21 23:09:00,0 days 01:06:00
AD2863,-M,2022-10-21 15:10:00,2022-10-21 19:14:00,2022-10-21 20:33:00,2022-10-21 23:09:00,0 days 00:46:00
AD4942,-I,2022-10-27 05:10:00,2022-10-27 06:06:00,2022-10-27 08:17:00,2022-10-27 12:04:00,0 days 00:53:00
AD4342,-I,2022-10-31 10:55:00,2022-10-31 11:24:00,2022-10-31 13:15:00,2022-10-31 20:25:00,0 days 00:53:00
AD4345,-M,2022-10-31 10:55:00,2022-10-31 14:08:00,2022-10-31 16:04:00,2022-10-31 20:25:00,0 days 00:51:00
AD4796,-I,2022-11-04 16:25:00,2022-11-04 17:04:00,2022-11-04 18:55:00,2022-11-05 00:52:00,0 days 00:47:00
AD2830,-M,2022-11-04 16:25:00,2022-11-04 19:42:00,2022-11-04 21:24:00,2022-11-05 00:52:00,0 days 00:56:00
AD2917,-I,2022-11-05 14:35:00,2022-11-05 15:14:00,2022-11-05 16:38:00,2022-11-06 00:32:00,0 days 00:57:00
AD4631,-M,2022-11-05 14:35:00,2022-11-05 17:35:00,2022-11-05 20:27:00,2022-11-06 00:32:00,0 days 01:35:00
AD4667,-I,2022-11-07 14:30:00,2022-11-07 15:31:00,2022-11-07 16:41:00,2022-11-07 22:11:00,0 days 00:37:00
AD4852,-M,2022-11-07 14:30:00,2022-11-07 17:18:00,2022-11-07 19:05:00,2022-11-07 22:11:00,0 days 00:53:00
AD4917,-I,2022-11-08 14:10:00,2022-11-08 15:03:00,2022-11-08 16:17:00,2022-11-08 22:57:00,0 days 01:13:00
AD4239,-M,2022-11-08 14:10:00,2022-11-08 17:30:00,2022-11-08 18:54:00,2022-11-08 22:57:00,0 days 00:35:00
AD4310,-I,2022-11-16 04:55:00,2022-11-16 06:03:00,2022-11-16 07:52:00,2022-11-16 12:24:00,0 days 00:45:00
AD4301,-M,2022-11-16 04:55:00,2022-11-16 08:37:00,2022-11-16 10:05:00,2022-11-16 12:24:00,0 days 01:18:00
AD4125,-I,2022-11-17 12:15:00,2022-11-17 13:01:00,2022-11-17 15:33:00,2022-11-18 00:53:00,0 days 00:51:00
AD4776,-M,2022-11-17 12:15:00,2022-11-17 16:24:00,2022-11-17 17:39:00,2022-11-18 00:53:00,0 days 01:25:00
AD4241,-M,2022-11-17 12:15:00,2022-11-17 19:04:00,2022-11-17 21:34:00,2022-11-18 00:53:00,0 days 01:25:00
AD4036,-I,2022-11-18 19:30:00,2022-11-18 20:11:00,2022-11-18 21:29:00,2022-11-19 03:39:00,0 days 00:41:00
AD4646,-M,2022-11-18 19:30:00,2022-11-18 22:10:00,2022-11-19 00:54:00,2022-11-19 03:39:00,0 days 01:04:00
AD4684,-M,2022-11-22 12:00:00,2022-11-22 15:15:00,2022-11-22 16:22:00,2022-11-22 22:13:00,0 days 00:46:00
AD2916,-M,2022-11-22 12:00:00,2022-11-22 17:08:00,2022-11-22 18:11:00,2022-11-22 22:13:00,0 days 02:14:00
AD4751,-I,2022-11-23 18:10:00,2022-11-23 18:59:00,2022-11-23 19:59:00,2022-11-24 00:28:00,0 days 01:59:00
AD4350,-I,2022-11-28 08:00:00,2022-11-28 08:58:00,2022-11-28 09:59:00,2022-11-28 15:42:00,0 days 01:00:00
AD4351,-M,2022-11-28 08:00:00,2022-11-28 10:59:00,2022-11-28 12:15:00,2022-11-28 15:42:00,0 days 01:18:00
AD2785,-I,2022-11-29 05:35:00,2022-11-29 06:14:00,2022-11-29 08:05:00,2022-11-29 12:26:00,0 days 02:02:00
AD4479,-I,2022-11-30 05:35:00,2022-11-30 06:14:00,2022-11-30 07:51:00,2022-11-30 12:31:00,0 days 02:05:00
AD4028,-I,2022-12-01 11:25:00,2022-12-01 12:48:00,2022-12-01 14:44:00,2022-12-01 22:04:00,0 days 01:07:00
AD4087,-M,2022-12-01 11:25:00,2022-12-01 15:51:00,2022-12-01 17:10:00,2022-12-01 22:04:00,0 days 01:01:00
AD2944,-M,2022-12-01 11:25:00,2022-12-01 18:11:00,2022-12-01 19:28:00,2022-12-01 22:04:00,0 days 00:48:00
AD4350,-I,2022-12-09 08:00:00,2022-12-09 09:03:00,2022-12-09 10:06:00,2022-12-09 15:27:00,0 days 01:02:00
AD4351,-M,2022-12-09 08:00:00,2022-12-09 11:08:00,2022-12-09 12:37:00,2022-12-09 15:27:00,0 days 01:04:00
AD4617,-I,2022-12-10 05:00:00,2022-12-10 05:34:00,2022-12-10 06:58:00,2022-12-10 11:46:00,0 days 01:31:00
AD4617,-I,2022-12-13 04:45:00,2022-12-13 05:17:00,2022-12-13 06:37:00,2022-12-13 10:42:00,0 days 01:14:00
AD4045,-I,2022-12-16 09:50:00,2022-12-16 10:47:00,2022-12-16 12:05:00,2022-12-16 20:51:00,0 days 01:17:00
AD2681,-M,2022-12-16 09:50:00,2022-12-16 13:22:00,2022-12-16 14:41:00,2022-12-16 20:51:00,0 days 01:05:00
AD4684,-M,2022-12-16 09:50:00,2022-12-16 15:46:00,2022-12-16 16:52:00,2022-12-16 20:51:00,0 days 00:51:00
AD2916,-M,2022-12-16 09:50:00,2022-12-16 17:43:00,2022-12-16 18:47:00,2022-12-16 20:51:00,0 days 00:42:00
AD2326,-I,2022-12-17 15:20:00,2022-12-17 15:57:00,2022-12-17 19:31:00,2022-12-18 01:24:00,0 days 01:02:00
AD4726,-I,2022-12-19 10:25:00,2022-12-19 11:06:00,2022-12-19 12:41:00,2022-12-19 21:33:00,0 days 01:34:00
AD4025,-M,2022-12-19 10:25:00,2022-12-19 14:15:00,2022-12-19 17:07:00,2022-12-19 21:33:00,0 days 00:56:00
AD9002,-I,2022-12-21 13:30:00,2022-12-21 14:36:00,2022-12-21 15:40:00,2022-12-22 00:41:00,0 days 01:39:00
AD4796,-M,2022-12-21 13:30:00,2022-12-21 17:19:00,2022-12-21 19:17:00,2022-12-22 00:41:00,0 days 01:12:00
AD2830,-M,2022-12-21 13:30:00,2022-12-21 20:29:00,2022-12-21 22:11:00,2022-12-22 00:41:00,0 days 00:40:00
AD4166,-I,2022-12-22 14:45:00,2022-12-22 15:14:00,2022-12-22 16:18:00,2022-12-22 19:16:00,0 days 01:21:00
AD4512,-I,2022-12-23 15:45:00,2022-12-23 16:50:00,2022-12-23 20:18:00,2022-12-24 00:56:00,0 days 02:04:00
AD5098,-I,2022-12-27 11:05:00,2022-12-27 11:39:00,2022-12-27 13:22:00,2022-12-27 22:07:00,0 days 01:54:00
AD4996,-M,2022-12-27 11:05:00,2022-12-27 15:16:00,2022-12-27 16:57:00,2022-12-27 22:07:00,0 days 00:49:00
AD4847,-M,2022-12-27 11:05:00,2022-12-27 17:46:00,2022-12-27 19:29:00,2022-12-27 22:07:00,0 days 00:58:00
AD4890,-I,2022-12-28 13:00:00,2022-12-28 14:11:00,2022-12-28 16:39:00,2022-12-28 22:33:00,0 days 00:59:00
AD4540,-I,2022-12-30 06:40:00,2022-12-30 08:03:00,2022-12-30 08:57:00,2022-12-30 11:32:00,0 days 00:52:00
