Activity,Id_Leg,Checkin,Checkout,Jornada
AD5046,-I,2017-11-01 18:55:00,2017-11-02 04:01:00,0 days 00:00:00
AD2852,-M,2017-11-01 18:55:00,2017-11-02 04:01:00,0 days 00:00:00
AD2852,-M,2017-11-01 18:55:00,2017-11-02 04:01:00,0 days 00:00:00
AD2852,-F,2017-11-01 18:55:00,2017-11-02 04:01:00,0 days 09:36:00
AD2898,-IF,2017-11-03 00:20:00,2017-11-03 02:21:00,0 days 02:31:00
AD2899,-I,2017-11-04 10:10:00,2017-11-04 17:38:00,0 days 00:00:00
AD2433,-M,2017-11-04 10:10:00,2017-11-04 17:38:00,0 days 00:00:00
AD4446,-F,2017-11-04 10:10:00,2017-11-04 17:38:00,0 days 07:58:00
AD4441,-I,2017-11-05 07:20:00,2017-11-05 17:16:00,0 days 00:00:00
AD4150,-M,2017-11-05 07:20:00,2017-11-05 17:16:00,0 days 00:00:00
AD4151,-F,2017-11-05 07:20:00,2017-11-05 17:16:00,0 days 10:26:00
FR,-IF,2017-11-06 07:35:00,2017-11-07 08:05:00,1 days 01:00:00
FR,-IF,2017-11-07 07:35:00,2017-11-08 08:05:00,1 days 01:00:00
AD5215,-I,2017-11-08 07:35:00,2017-11-08 14:56:00,0 days 00:00:00
AD4013,-M,2017-11-08 07:35:00,2017-11-08 14:56:00,0 days 00:00:00
AD4282,-M,2017-11-08 07:35:00,2017-11-08 14:56:00,0 days 00:00:00
AD5093,-F,2017-11-08 07:35:00,2017-11-08 14:56:00,0 days 07:51:00
SNA,-IF,2017-11-09 10:00:00,2017-11-09 19:30:00,0 days 10:00:00
SNA,-IF,2017-11-10 10:00:00,2017-11-10 19:30:00,0 days 10:00:00
AD6902,-I,2017-11-11 09:20:00,2017-11-11 18:25:00,0 days 00:00:00
AD6903,-F,2017-11-11 09:20:00,2017-11-11 18:25:00,0 days 09:35:00
FER,-IF,2017-12-01 02:00:00,2017-12-02 02:30:00,1 days 01:00:00
FER,-IF,2017-12-02 02:00:00,2017-12-03 02:30:00,1 days 01:00:00
FER,-IF,2017-12-03 02:00:00,2017-12-04 02:30:00,1 days 01:00:00
FER,-IF,2017-12-04 02:00:00,2017-12-05 02:30:00,1 days 01:00:00
FER,-IF,2017-12-05 02:00:00,2017-12-06 02:30:00,1 days 01:00:00
FER,-IF,2017-12-06 02:00:00,2017-12-07 02:30:00,1 days 01:00:00
FER,-IF,2017-12-07 02:00:00,2017-12-08 02:30:00,1 days 01:00:00
FER,-IF,2017-12-08 02:00:00,2017-12-09 02:30:00,1 days 01:00:00
FER,-IF,2017-12-09 02:00:00,2017-12-10 02:30:00,1 days 01:00:00
FER,-IF,2017-12-10 02:00:00,2017-12-11 02:30:00,1 days 01:00:00
FER,-IF,2017-12-11 02:00:00,2017-12-12 02:30:00,1 days 01:00:00
DMI,-IF,2018-01-01 04:05:00,2018-01-02 01:30:00,0 days 21:55:00
DMI,-IF,2018-01-02 02:15:00,2018-01-03 02:10:00,1 days 00:25:00
DMI,-IF,2018-01-03 02:15:00,2018-01-04 02:10:00,1 days 00:25:00
DMI,-IF,2018-01-04 02:15:00,2018-01-05 02:10:00,1 days 00:25:00
SNA,-IF,2018-01-05 10:00:00,2018-01-05 19:30:00,0 days 10:00:00
FR,-IF,2018-01-06 07:00:00,2018-01-07 07:30:00,1 days 01:00:00
AD5065,-I,2018-01-07 15:10:00,2018-01-08 00:15:00,0 days 00:00:00
AD2518,-M,2018-01-07 15:10:00,2018-01-08 00:15:00,0 days 00:00:00
AD4290,-F,2018-01-07 15:10:00,2018-01-08 00:15:00,0 days 09:35:00
AD2769,-I,2018-01-08 19:35:00,2018-01-09 03:37:00,0 days 00:00:00
AD2940,-M,2018-01-08 19:35:00,2018-01-09 03:37:00,0 days 00:00:00
AD5127,-F,2018-01-08 19:35:00,2018-01-09 03:37:00,0 days 08:32:00
AD4286,-I,2018-01-09 18:00:00,2018-01-10 02:57:00,0 days 00:00:00
AD5028,-M,2018-01-09 18:00:00,2018-01-10 02:57:00,0 days 00:00:00
AD4942,-F,2018-01-09 18:00:00,2018-01-10 02:57:00,0 days 09:27:00
AD4990,-I,2018-01-10 17:00:00,2018-01-10 22:44:00,0 days 00:00:00
AD4990,-M,2018-01-10 17:00:00,2018-01-10 22:44:00,0 days 00:00:00
AD4137,-F,2018-01-10 17:00:00,2018-01-10 22:44:00,0 days 06:14:00
AD5388,-I,2018-01-11 14:55:00,2018-01-12 00:35:00,0 days 00:00:00
AD5348,-M,2018-01-11 14:55:00,2018-01-12 00:35:00,0 days 00:00:00
AD5029,-F,2018-01-11 14:55:00,2018-01-12 00:35:00,0 days 10:10:00
AD5066,-I,2018-02-01 09:35:00,2018-02-01 18:34:00,0 days 00:00:00
AD2840,-M,2018-02-01 09:35:00,2018-02-01 18:34:00,0 days 00:00:00
AD2841,-F,2018-02-01 09:35:00,2018-02-01 18:34:00,0 days 09:29:00
AD2840,-I,2018-02-02 14:20:00,2018-02-03 00:08:00,0 days 00:00:00
AD2841,-M,2018-02-02 14:20:00,2018-02-03 00:08:00,0 days 00:00:00
AD2800,-M,2018-02-02 14:20:00,2018-02-03 00:08:00,0 days 00:00:00
AD2801,-F,2018-02-02 14:20:00,2018-02-03 00:08:00,0 days 10:18:00
AD4113,-I,2018-02-04 06:30:00,2018-02-04 15:01:00,0 days 00:00:00
AD2829,-M,2018-02-04 06:30:00,2018-02-04 15:01:00,0 days 00:00:00
AD5244,-M,2018-02-04 06:30:00,2018-02-04 15:01:00,0 days 00:00:00
AD5245,-F,2018-02-04 06:30:00,2018-02-04 15:01:00,0 days 09:01:00
AD9161,-I,2018-02-05 07:05:00,2018-02-05 15:31:00,0 days 00:00:00
AD9110,-M,2018-02-05 07:05:00,2018-02-05 15:31:00,0 days 00:00:00
AD4487,-F,2018-02-05 07:05:00,2018-02-05 15:31:00,0 days 08:56:00
FR,-IF,2018-02-06 10:25:00,2018-02-07 10:55:00,1 days 01:00:00
FR,-IF,2018-02-07 10:25:00,2018-02-08 10:55:00,1 days 01:00:00
SNA,-IF,2018-02-08 12:00:00,2018-02-08 17:30:00,0 days 06:00:00
LOP,-IF,2018-02-09 09:15:00,2018-02-09 22:10:00,0 days 13:25:00
LOP,-IF,2018-02-10 08:30:00,2018-02-10 21:30:00,0 days 13:30:00
LOP,-IF,2018-02-11 05:15:00,2018-02-11 19:45:00,0 days 15:00:00
SE,-IF,2018-03-01 07:00:00,2018-03-01 19:30:00,0 days 13:00:00
SNA,-IF,2018-03-02 12:00:00,2018-03-02 19:30:00,0 days 08:00:00
FR,-IF,2018-03-03 20:40:00,2018-03-04 21:10:00,1 days 01:00:00
AD2498,-I,2018-03-05 00:50:00,2018-03-05 08:55:00,0 days 00:00:00
AD2499,-F,2018-03-05 00:50:00,2018-03-05 08:55:00,0 days 08:35:00
FR,-IF,2018-03-05 22:05:00,2018-03-06 22:35:00,1 days 01:00:00
R21,-IF,2018-03-07 23:50:00,2018-03-08 03:20:00,0 days 04:00:00
SNA,-IF,2018-03-09 12:00:00,2018-03-09 19:30:00,0 days 08:00:00
DMI,-IF,2018-03-09 21:10:00,2018-03-10 01:15:00,0 days 04:35:00
DMI,-IF,2018-03-10 09:15:00,2018-03-11 00:25:00,0 days 15:40:00
DMI,-IF,2018-03-11 08:50:00,2018-03-11 21:50:00,0 days 13:30:00
FR,-IF,2018-04-01 03:00:00,2018-04-02 03:30:00,1 days 01:00:00
FR,-IF,2018-04-02 03:00:00,2018-04-03 03:30:00,1 days 01:00:00
SNA,-IF,2018-04-03 03:01:00,2018-04-04 03:29:00,1 days 00:58:00
AD5215,-I,2018-04-04 09:00:00,2018-04-04 18:32:00,0 days 00:00:00
AD4005,-M,2018-04-04 09:00:00,2018-04-04 18:32:00,0 days 00:00:00
AD4048,-M,2018-04-04 09:00:00,2018-04-04 18:32:00,0 days 00:00:00
AD2468,-F,2018-04-04 09:00:00,2018-04-04 18:32:00,0 days 10:02:00
AD5756,-I,2018-04-05 08:30:00,2018-04-05 16:15:00,0 days 00:00:00
AD5756,-M,2018-04-05 08:30:00,2018-04-05 16:15:00,0 days 00:00:00
AD5093,-M,2018-04-05 08:30:00,2018-04-05 16:15:00,0 days 00:00:00
AD5093,-F,2018-04-05 08:30:00,2018-04-05 16:15:00,0 days 08:15:00
SNA,-IF,2018-04-06 03:01:00,2018-04-07 03:29:00,1 days 00:58:00
FR,-IF,2018-04-07 14:59:00,2018-04-08 15:29:00,1 days 01:00:00
FR,-IF,2018-04-08 14:59:00,2018-04-09 15:29:00,1 days 01:00:00
FR,-IF,2018-04-09 14:59:00,2018-04-10 15:29:00,1 days 01:00:00
FR,-IF,2018-04-10 14:59:00,2018-04-11 15:29:00,1 days 01:00:00
AD2890,-I,2018-04-12 01:00:00,2018-04-12 09:03:00,0 days 00:00:00
AD2891,-F,2018-04-12 01:00:00,2018-04-12 09:03:00,0 days 08:33:00
AD4361,-I,2018-05-01 23:55:00,2018-05-02 08:59:00,0 days 00:00:00
AD4203,-M,2018-05-01 23:55:00,2018-05-02 08:59:00,0 days 00:00:00
AD9126,-M,2018-05-01 23:55:00,2018-05-02 08:59:00,0 days 00:00:00
AD2934,-F,2018-05-01 23:55:00,2018-05-02 08:59:00,0 days 09:34:00
AD5703,-I,2018-05-03 06:20:00,2018-05-03 13:56:00,0 days 00:00:00
AD4031,-M,2018-05-03 06:20:00,2018-05-03 13:56:00,0 days 00:00:00
AD4403,-F,2018-05-03 06:20:00,2018-05-03 13:56:00,0 days 08:06:00
FR,-IF,2018-05-04 03:00:00,2018-05-05 03:30:00,1 days 01:00:00
FR,-IF,2018-05-05 03:00:00,2018-05-06 03:30:00,1 days 01:00:00
FR,-IF,2018-05-06 03:00:00,2018-05-07 03:30:00,1 days 01:00:00
FR,-IF,2018-05-07 03:00:00,2018-05-08 03:30:00,1 days 01:00:00
SNA,-IF,2018-05-08 03:00:00,2018-05-09 03:29:00,1 days 00:59:00
AD2498,-I,2018-05-10 01:05:00,2018-05-10 09:23:00,0 days 00:00:00
AD2499,-F,2018-05-10 01:05:00,2018-05-10 09:23:00,0 days 08:48:00
AD2500,-I,2018-05-11 01:50:00,2018-05-11 09:03:00,0 days 00:00:00
AD2503,-F,2018-05-11 01:50:00,2018-05-11 09:03:00,0 days 07:43:00
AD2498,-I,2018-06-01 01:25:00,2018-06-01 10:51:00,0 days 00:00:00
AD2499,-M,2018-06-01 01:25:00,2018-06-01 10:51:00,0 days 00:00:00
AD4195,-F,2018-06-01 01:25:00,2018-06-01 10:51:00,0 days 09:56:00
AD5136,-IF,2018-06-02 08:20:00,2018-06-02 10:54:00,0 days 03:04:00
FR,-IF,2018-06-03 03:00:00,2018-06-04 03:30:00,1 days 01:00:00
FR,-IF,2018-06-04 03:00:00,2018-06-05 03:30:00,1 days 01:00:00
SNA,-IF,2018-06-05 03:00:00,2018-06-06 03:29:00,1 days 00:59:00
SNA,-IF,2018-06-06 03:00:00,2018-06-07 03:29:00,1 days 00:59:00
AD5282,-I,2018-06-08 01:15:00,2018-06-08 09:16:00,0 days 00:00:00
AD5283,-F,2018-06-08 01:15:00,2018-06-08 09:16:00,0 days 08:31:00
AD4450,-I,2018-06-09 10:20:00,2018-06-09 17:23:00,0 days 00:00:00
AD4107,-F,2018-06-09 10:20:00,2018-06-09 17:23:00,0 days 07:33:00
FR,-IF,2018-06-11 03:00:00,2018-06-12 03:30:00,1 days 01:00:00
FR,-IF,2018-07-01 03:00:00,2018-07-02 03:30:00,1 days 01:00:00
SNA,-IF,2018-07-02 03:00:00,2018-07-03 03:30:00,1 days 01:00:00
SNA,-IF,2018-07-03 03:00:00,2018-07-04 03:30:00,1 days 01:00:00
SNA,-IF,2018-07-04 03:00:00,2018-07-05 03:30:00,1 days 01:00:00
AD5168,-I,2018-07-05 17:10:00,2018-07-06 02:09:00,0 days 00:00:00
AD5169,-M,2018-07-05 17:10:00,2018-07-06 02:09:00,0 days 00:00:00
AD4260,-M,2018-07-05 17:10:00,2018-07-06 02:09:00,0 days 00:00:00
AD4261,-F,2018-07-05 17:10:00,2018-07-06 02:09:00,0 days 09:29:00
PLT,-IF,2018-07-06 15:00:00,2018-07-06 18:00:00,0 days 03:30:00
BUS,-I,2018-07-06 19:00:00,2018-07-07 02:31:00,0 days 00:00:00
AD5016,-M,2018-07-06 19:00:00,2018-07-07 02:31:00,0 days 00:00:00
AD9640,-F,2018-07-06 19:00:00,2018-07-07 02:31:00,0 days 08:01:00
FR,-IF,2018-07-07 15:00:00,2018-07-08 15:30:00,1 days 01:00:00
DMI,-IF,2018-07-08 17:10:00,2018-07-09 00:55:00,0 days 08:15:00
DMI,-IF,2018-07-09 07:55:00,2018-07-09 21:25:00,0 days 14:00:00
FAN,-IF,2018-07-10 03:00:00,2018-07-11 03:30:00,1 days 01:00:00
SNA,-IF,2018-07-11 03:00:00,2018-07-12 03:30:00,1 days 01:00:00
SNA,-IF,2018-08-01 03:01:00,2018-08-02 03:29:00,1 days 00:58:00
SNA,-IF,2018-08-02 03:01:00,2018-08-03 03:29:00,1 days 00:58:00
FR,-IF,2018-08-03 03:00:00,2018-08-04 03:30:00,1 days 01:00:00
FR,-IF,2018-08-04 03:00:00,2018-08-05 03:30:00,1 days 01:00:00
FR,-IF,2018-08-05 03:00:00,2018-08-06 03:30:00,1 days 01:00:00
FR,-IF,2018-08-06 03:00:00,2018-08-07 03:30:00,1 days 01:00:00
SNA,-IF,2018-08-07 03:01:00,2018-08-08 03:29:00,1 days 00:58:00
SNA,-IF,2018-08-08 03:01:00,2018-08-09 03:29:00,1 days 00:58:00
SNA,-IF,2018-08-09 03:01:00,2018-08-10 03:29:00,1 days 00:58:00
AD4179,-I,2018-08-10 15:35:00,2018-08-11 01:28:00,0 days 00:00:00
AD4493,-M,2018-08-10 15:35:00,2018-08-11 01:28:00,0 days 00:00:00
AD5016,-M,2018-08-10 15:35:00,2018-08-11 01:28:00,0 days 00:00:00
AD5024,-F,2018-08-10 15:35:00,2018-08-11 01:28:00,0 days 10:23:00
R22,-IF,2018-08-12 01:00:00,2018-08-12 04:30:00,0 days 04:00:00
AD5500,-I,2018-09-01 13:10:00,2018-09-01 23:12:00,0 days 00:00:00
AD5500,-M,2018-09-01 13:10:00,2018-09-01 23:12:00,0 days 00:00:00
AD5500,-F,2018-09-01 13:10:00,2018-09-01 23:12:00,0 days 10:32:00
AD2688,-I,2018-09-03 00:40:00,2018-09-03 09:08:00,0 days 00:00:00
AD2688,-M,2018-09-03 00:40:00,2018-09-03 09:08:00,0 days 00:00:00
AD2688,-F,2018-09-03 00:40:00,2018-09-03 09:08:00,0 days 08:58:00
SNA,-IF,2018-09-04 03:00:00,2018-09-05 03:29:00,1 days 00:59:00
SNA,-IF,2018-09-05 03:00:00,2018-09-06 03:29:00,1 days 00:59:00
SNA,-IF,2018-09-06 03:00:00,2018-09-07 03:29:00,1 days 00:59:00
FR,-IF,2018-09-07 03:00:00,2018-09-08 03:30:00,1 days 01:00:00
FR,-IF,2018-09-08 03:00:00,2018-09-09 03:30:00,1 days 01:00:00
FR,-IF,2018-09-09 03:00:00,2018-09-10 03:30:00,1 days 01:00:00
SNA,-IF,2018-09-10 03:00:00,2018-09-11 03:29:00,1 days 00:59:00
SNA,-IF,2018-09-11 03:00:00,2018-09-12 03:29:00,1 days 00:59:00
PP1,-IF,2018-10-01 11:15:00,2018-10-01 22:25:00,0 days 11:40:00
PP1,-IF,2018-10-02 11:15:00,2018-10-02 21:45:00,0 days 11:00:00
PP1,-IF,2018-10-03 11:15:00,2018-10-03 22:05:00,0 days 11:20:00
BUS,-IF,2018-10-04 11:00:00,2018-10-04 13:30:00,0 days 03:00:00
EGP,-IF,2018-10-04 13:00:00,2018-10-04 17:30:00,0 days 05:00:00
BUS,-IF,2018-10-04 17:00:00,2018-10-04 19:30:00,0 days 03:00:00
R05,-IF,2018-10-05 08:15:00,2018-10-05 11:45:00,0 days 04:00:00
FR,-IF,2018-10-06 03:00:00,2018-10-07 03:30:00,1 days 01:00:00
FR,-IF,2018-10-07 03:00:00,2018-10-08 03:30:00,1 days 01:00:00
SNA,-IF,2018-10-08 03:01:00,2018-10-09 03:29:00,1 days 00:58:00
SNA,-IF,2018-10-09 03:01:00,2018-10-10 03:29:00,1 days 00:58:00
SNA,-IF,2018-10-10 03:01:00,2018-10-11 03:29:00,1 days 00:58:00
SNA,-IF,2018-10-11 03:01:00,2018-10-12 03:29:00,1 days 00:58:00
FER,-IF,2018-11-01 03:00:00,2018-11-02 03:30:00,1 days 01:00:00
FER,-IF,2018-11-02 03:00:00,2018-11-03 03:30:00,1 days 01:00:00
FER,-IF,2018-11-03 03:00:00,2018-11-04 02:30:00,1 days 00:00:00
FER,-IF,2018-11-04 02:00:00,2018-11-05 02:30:00,1 days 01:00:00
FER,-IF,2018-11-05 02:00:00,2018-11-06 02:30:00,1 days 01:00:00
FER,-IF,2018-11-06 02:00:00,2018-11-07 02:30:00,1 days 01:00:00
FER,-IF,2018-11-07 02:00:00,2018-11-08 02:30:00,1 days 01:00:00
FER,-IF,2018-11-08 02:00:00,2018-11-09 02:30:00,1 days 01:00:00
FER,-IF,2018-11-09 02:00:00,2018-11-10 02:30:00,1 days 01:00:00
FER,-IF,2018-11-10 02:00:00,2018-11-11 02:30:00,1 days 01:00:00
FER,-IF,2018-11-11 02:00:00,2018-11-12 02:30:00,1 days 01:00:00
FR,-IF,2018-12-01 08:55:00,2018-12-02 09:25:00,1 days 01:00:00
FR,-IF,2018-12-02 08:55:00,2018-12-03 09:25:00,1 days 01:00:00
SNA,-IF,2018-12-04 02:01:00,2018-12-05 02:29:00,1 days 00:58:00
SNA,-IF,2018-12-05 02:01:00,2018-12-06 02:29:00,1 days 00:58:00
SNA,-IF,2018-12-06 02:01:00,2018-12-07 02:29:00,1 days 00:58:00
AD4163,-I,2018-12-07 14:40:00,2018-12-07 20:54:00,0 days 00:00:00
AD6419,-M,2018-12-07 14:40:00,2018-12-07 20:54:00,0 days 00:00:00
AD4103,-F,2018-12-07 14:40:00,2018-12-07 20:54:00,0 days 06:44:00
FR,-IF,2018-12-09 02:00:00,2018-12-10 02:30:00,1 days 01:00:00
SNA,-IF,2018-12-10 02:01:00,2018-12-11 02:29:00,1 days 00:58:00
SNA,-IF,2018-12-11 02:01:00,2018-12-12 02:29:00,1 days 00:58:00
FR,-IF,2019-01-01 06:00:00,2019-01-02 06:30:00,1 days 01:00:00
AD4044,-IF,2019-01-02 14:30:00,2019-01-02 17:14:00,0 days 03:14:00
AD4175,-I,2019-01-03 18:15:00,2019-01-04 02:47:00,0 days 00:00:00
AD4490,-M,2019-01-03 18:15:00,2019-01-04 02:47:00,0 days 00:00:00
AD2898,-F,2019-01-03 18:15:00,2019-01-04 02:47:00,0 days 09:02:00
AD2899,-I,2019-01-05 02:25:00,2019-01-05 08:03:00,0 days 00:00:00
AD5158,-F,2019-01-05 02:25:00,2019-01-05 08:03:00,0 days 06:08:00
LFA,-IF,2019-01-05 08:10:00,2019-01-05 11:10:00,0 days 03:30:00
FR,-IF,2019-01-06 00:55:00,2019-01-07 01:25:00,1 days 01:00:00
SNA,-IF,2019-01-07 02:01:00,2019-01-08 02:29:00,1 days 00:58:00
SNA,-IF,2019-01-08 02:01:00,2019-01-09 02:29:00,1 days 00:58:00
AD5215,-I,2019-01-09 07:30:00,2019-01-09 16:44:00,0 days 00:00:00
AD9058,-M,2019-01-09 07:30:00,2019-01-09 16:44:00,0 days 00:00:00
AD9059,-M,2019-01-09 07:30:00,2019-01-09 16:44:00,0 days 00:00:00
AD6991,-F,2019-01-09 07:30:00,2019-01-09 16:44:00,0 days 09:44:00
AD5166,-I,2019-01-10 09:40:00,2019-01-10 17:49:00,0 days 00:00:00
AD6928,-M,2019-01-10 09:40:00,2019-01-10 17:49:00,0 days 00:00:00
AD4446,-F,2019-01-10 09:40:00,2019-01-10 17:49:00,0 days 08:39:00
AD2520,-I,2019-01-11 07:20:00,2019-01-11 17:09:00,0 days 00:00:00
AD5166,-M,2019-01-11 07:20:00,2019-01-11 17:09:00,0 days 00:00:00
AD6928,-M,2019-01-11 07:20:00,2019-01-11 17:09:00,0 days 00:00:00
AD9068,-F,2019-01-11 07:20:00,2019-01-11 17:09:00,0 days 10:19:00
AD9096,-I,2019-01-12 06:00:00,2019-01-12 10:44:00,0 days 00:00:00
AD4011,-F,2019-01-12 06:00:00,2019-01-12 10:44:00,0 days 05:14:00
AD9106,-I,2019-02-02 00:35:00,2019-02-02 09:45:00,0 days 00:00:00
AD9105,-F,2019-02-02 00:35:00,2019-02-02 09:45:00,0 days 09:40:00
FR,-IF,2019-02-03 00:55:00,2019-02-04 01:25:00,1 days 01:00:00
SNA,-IF,2019-02-04 02:00:00,2019-02-05 02:30:00,1 days 01:00:00
FR,-IF,2019-02-05 02:00:00,2019-02-06 02:30:00,1 days 01:00:00
SNA,-IF,2019-02-06 02:00:00,2019-02-07 02:30:00,1 days 01:00:00
AD4018,-I,2019-02-07 19:55:00,2019-02-08 03:20:00,0 days 00:00:00
AD4316,-M,2019-02-07 19:55:00,2019-02-08 03:20:00,0 days 00:00:00
AD5188,-F,2019-02-07 19:55:00,2019-02-08 03:20:00,0 days 07:55:00
AD5189,-I,2019-02-09 07:20:00,2019-02-09 16:09:00,0 days 00:00:00
AD4000,-M,2019-02-09 07:20:00,2019-02-09 16:09:00,0 days 00:00:00
AD2590,-M,2019-02-09 07:20:00,2019-02-09 16:09:00,0 days 00:00:00
AD4295,-F,2019-02-09 07:20:00,2019-02-09 16:09:00,0 days 09:19:00
FR,-IF,2019-02-10 05:45:00,2019-02-11 06:15:00,1 days 01:00:00
FR,-IF,2019-02-11 05:45:00,2019-02-12 06:15:00,1 days 01:00:00
AD4251,-I,2019-03-01 12:05:00,2019-03-01 21:38:00,0 days 00:00:00
AD5450,-M,2019-03-01 12:05:00,2019-03-01 21:38:00,0 days 00:00:00
AD5450,-M,2019-03-01 12:05:00,2019-03-01 21:38:00,0 days 00:00:00
AD5450,-F,2019-03-01 12:05:00,2019-03-01 21:38:00,0 days 10:03:00
AD9134,-I,2019-03-02 11:25:00,2019-03-02 21:56:00,0 days 00:00:00
AD5468,-M,2019-03-02 11:25:00,2019-03-02 21:56:00,0 days 00:00:00
AD5801,-F,2019-03-02 11:25:00,2019-03-02 21:56:00,0 days 11:01:00
AD2411,-I,2019-03-03 10:30:00,2019-03-03 20:52:00,0 days 00:00:00
AD5728,-M,2019-03-03 10:30:00,2019-03-03 20:52:00,0 days 00:00:00
AD2487,-F,2019-03-03 10:30:00,2019-03-03 20:52:00,0 days 10:52:00
FR,-IF,2019-03-04 10:20:00,2019-03-05 10:50:00,1 days 01:00:00
FR,-IF,2019-03-05 10:20:00,2019-03-06 10:50:00,1 days 01:00:00
SNA,-IF,2019-03-07 03:00:00,2019-03-08 03:30:00,1 days 01:00:00
SNA,-IF,2019-03-08 03:00:00,2019-03-09 03:30:00,1 days 01:00:00
FR,-IF,2019-03-09 03:00:00,2019-03-10 03:30:00,1 days 01:00:00
FR,-IF,2019-03-10 03:00:00,2019-03-11 03:30:00,1 days 01:00:00
SNA,-IF,2019-03-11 03:00:00,2019-03-12 03:30:00,1 days 01:00:00
SNA,-IF,2019-04-02 03:00:00,2019-04-03 03:30:00,1 days 01:00:00
SNA,-IF,2019-04-03 03:00:00,2019-04-04 03:30:00,1 days 01:00:00
AD4004,-I,2019-04-04 09:40:00,2019-04-04 17:00:00,0 days 00:00:00
AD4005,-M,2019-04-04 09:40:00,2019-04-04 17:00:00,0 days 00:00:00
AD4028,-M,2019-04-04 09:40:00,2019-04-04 17:00:00,0 days 00:00:00
AD2409,-F,2019-04-04 09:40:00,2019-04-04 17:00:00,0 days 07:50:00
AD4405,-I,2019-04-05 07:50:00,2019-04-05 11:48:00,0 days 00:00:00
AD4011,-F,2019-04-05 07:50:00,2019-04-05 11:48:00,0 days 04:28:00
FR,-IF,2019-04-06 03:00:00,2019-04-07 03:30:00,1 days 01:00:00
FR,-IF,2019-04-07 03:00:00,2019-04-08 03:30:00,1 days 01:00:00
SNA,-IF,2019-04-08 03:00:00,2019-04-09 03:30:00,1 days 01:00:00
SNA,-IF,2019-04-09 03:00:00,2019-04-10 03:30:00,1 days 01:00:00
AD2787,-I,2019-04-10 10:20:00,2019-04-10 21:14:00,0 days 00:00:00
AD4096,-M,2019-04-10 10:20:00,2019-04-10 21:14:00,0 days 00:00:00
AD6422,-M,2019-04-10 10:20:00,2019-04-10 21:14:00,0 days 00:00:00
AD6422,-F,2019-04-10 10:20:00,2019-04-10 21:14:00,0 days 11:24:00
AD4986,-I,2019-04-11 09:14:00,2019-04-11 18:53:00,0 days 00:00:00
AD4406,-M,2019-04-11 09:14:00,2019-04-11 18:53:00,0 days 00:00:00
AD4407,-M,2019-04-11 09:14:00,2019-04-11 18:53:00,0 days 00:00:00
AD4148,-F,2019-04-11 09:14:00,2019-04-11 18:53:00,0 days 10:09:00
AD5149,-I,2019-04-12 08:20:00,2019-04-12 19:00:00,0 days 00:00:00
AD5149,-M,2019-04-12 08:20:00,2019-04-12 19:00:00,0 days 00:00:00
AD4177,-M,2019-04-12 08:20:00,2019-04-12 19:00:00,0 days 00:00:00
AD9646,-F,2019-04-12 08:20:00,2019-04-12 19:00:00,0 days 11:10:00
AD4253,-I,2019-05-01 07:40:00,2019-05-01 14:11:00,0 days 00:00:00
AD9641,-F,2019-05-01 07:40:00,2019-05-01 14:11:00,0 days 07:01:00
AD5280,-IF,2019-05-02 07:40:00,2019-05-02 10:10:00,0 days 03:00:00
AD2458,-I,2019-05-02 22:55:00,2019-05-03 05:30:00,0 days 00:00:00
AD5703,-F,2019-05-02 22:55:00,2019-05-03 05:30:00,0 days 07:05:00
FR,-IF,2019-05-04 00:00:00,2019-05-05 00:00:00,1 days 00:30:00
FR,-IF,2019-05-05 00:00:00,2019-05-06 00:00:00,1 days 00:30:00
SNA,-IF,2019-05-06 00:00:00,2019-05-07 00:00:00,1 days 00:30:00
SNA,-IF,2019-05-07 00:00:00,2019-05-08 00:00:00,1 days 00:30:00
AD2978,-I,2019-05-08 07:40:00,2019-05-08 14:35:00,0 days 00:00:00
AD4064,-M,2019-05-08 07:40:00,2019-05-08 14:35:00,0 days 00:00:00
AD6422,-F,2019-05-08 07:40:00,2019-05-08 14:35:00,0 days 07:25:00
AD4986,-I,2019-05-09 05:35:00,2019-05-09 10:10:00,0 days 00:00:00
AD5280,-F,2019-05-09 05:35:00,2019-05-09 10:10:00,0 days 05:05:00
AD2458,-I,2019-05-09 22:50:00,2019-05-10 05:30:00,0 days 00:00:00
AD5703,-F,2019-05-09 22:50:00,2019-05-10 05:30:00,0 days 07:10:00
FR,-IF,2019-05-11 00:00:00,2019-05-12 00:00:00,1 days 00:30:00
SNA,-IF,2019-06-01 06:00:00,2019-06-01 23:59:00,0 days 18:29:00
RES,-IF,2019-06-02 03:01:00,2019-06-02 06:01:00,0 days 03:30:00
SNA,-IF,2019-06-03 00:01:00,2019-06-03 23:59:00,1 days 00:28:00
FR,-IF,2019-06-04 04:55:00,2019-06-05 04:55:00,1 days 00:30:00
SFX,-IF,2019-06-06 06:00:00,2019-06-06 10:00:00,0 days 04:30:00
SNA,-IF,2019-06-07 06:00:00,2019-06-07 23:59:00,0 days 18:29:00
S14,-IF,2019-06-08 14:00:00,2019-06-08 18:00:00,0 days 04:30:00
FR,-IF,2019-06-09 06:30:00,2019-06-10 06:30:00,1 days 00:30:00
DMF,-IF,2019-06-10 16:00:00,2019-06-10 19:00:00,0 days 03:30:00
DMI,-IF,2019-06-11 13:00:00,2019-06-11 19:00:00,0 days 06:30:00
DMI,-IF,2019-06-12 13:00:00,2019-06-12 19:00:00,0 days 06:30:00
FJC,-IF,2019-07-01 22:30:00,2019-07-01 23:30:00,0 days 01:30:00
FJC,-IF,2019-07-02 03:30:00,2019-07-02 23:00:00,0 days 20:00:00
FJC,-IF,2019-07-03 03:30:00,2019-07-03 23:00:00,0 days 20:00:00
SNA,-IF,2019-07-04 00:00:00,2019-07-04 23:59:00,1 days 00:29:00
AD9094,-I,2019-07-05 21:50:00,2019-07-06 06:31:00,0 days 00:00:00
AD9095,-F,2019-07-05 21:50:00,2019-07-06 06:31:00,0 days 09:11:00
FR,-IF,2019-07-07 00:00:00,2019-07-08 00:00:00,1 days 00:30:00
FR,-IF,2019-07-08 00:00:00,2019-07-09 00:00:00,1 days 00:30:00
FR,-IF,2019-07-09 00:00:00,2019-07-10 00:00:00,1 days 00:30:00
SNA,-IF,2019-07-10 00:00:00,2019-07-10 23:59:00,1 days 00:29:00
SNA,-IF,2019-07-11 00:00:00,2019-07-11 23:59:00,1 days 00:29:00
AD2937,-I,2019-07-12 10:50:00,2019-07-12 20:00:00,0 days 00:00:00
AD4298,-M,2019-07-12 10:50:00,2019-07-12 20:00:00,0 days 00:00:00
AD4299,-M,2019-07-12 10:50:00,2019-07-12 20:00:00,0 days 00:00:00
AD2933,-F,2019-07-12 10:50:00,2019-07-12 20:00:00,0 days 09:40:00
SNA,-IF,2019-08-01 00:00:00,2019-08-02 00:00:00,1 days 00:30:00
AD2978,-I,2019-08-02 07:40:00,2019-08-02 12:10:00,0 days 00:00:00
AD4064,-F,2019-08-02 07:40:00,2019-08-02 12:10:00,0 days 05:00:00
PLT,-IF,2019-08-03 04:00:00,2019-08-03 04:01:00,0 days 00:31:00
AD4031,-I,2019-08-03 05:20:00,2019-08-03 10:39:00,0 days 00:00:00
AD4403,-F,2019-08-03 05:20:00,2019-08-03 10:39:00,0 days 05:49:00
FR,-IF,2019-08-04 00:00:00,2019-08-05 00:00:00,1 days 00:30:00
SNA,-IF,2019-08-05 00:00:00,2019-08-06 00:00:00,1 days 00:30:00
FR,-IF,2019-08-06 00:00:00,2019-08-07 00:00:00,1 days 00:30:00
FR,-IF,2019-08-07 00:00:00,2019-08-08 00:00:00,1 days 00:30:00
SNA,-IF,2019-08-08 00:00:00,2019-08-09 00:00:00,1 days 00:30:00
AD2890,-I,2019-08-09 22:00:00,2019-08-10 06:05:00,0 days 00:00:00
AD2891,-F,2019-08-09 22:00:00,2019-08-10 06:05:00,0 days 08:35:00
FR,-IF,2019-08-11 00:00:00,2019-08-12 00:00:00,1 days 00:30:00
FER,-IF,2019-09-01 00:00:00,2019-09-02 00:00:00,1 days 00:30:00
FER,-IF,2019-09-02 00:00:00,2019-09-03 00:00:00,1 days 00:30:00
FER,-IF,2019-09-03 00:00:00,2019-09-04 00:00:00,1 days 00:30:00
FER,-IF,2019-09-04 00:00:00,2019-09-05 00:00:00,1 days 00:30:00
FER,-IF,2019-09-05 00:00:00,2019-09-06 00:00:00,1 days 00:30:00
FER,-IF,2019-09-06 00:00:00,2019-09-07 00:00:00,1 days 00:30:00
FER,-IF,2019-09-07 00:00:00,2019-09-08 00:00:00,1 days 00:30:00
FER,-IF,2019-09-08 00:00:00,2019-09-09 00:00:00,1 days 00:30:00
FER,-IF,2019-09-09 00:00:00,2019-09-10 00:00:00,1 days 00:30:00
FER,-IF,2019-09-10 00:00:00,2019-09-11 00:00:00,1 days 00:30:00
FER,-IF,2019-09-11 00:00:00,2019-09-12 00:00:00,1 days 00:30:00
FR,-IF,2019-10-01 06:00:00,2019-10-02 06:00:00,1 days 00:30:00
PP2,-IF,2019-10-02 08:15:00,2019-10-02 10:15:00,0 days 02:30:00
PP2,-IF,2019-10-02 10:15:00,2019-10-02 12:15:00,0 days 02:30:00
PP2,-IF,2019-10-02 13:15:00,2019-10-02 15:15:00,0 days 02:30:00
PP2,-IF,2019-10-02 15:15:00,2019-10-02 17:15:00,0 days 02:30:00
DGR,-IF,2019-10-02 17:15:00,2019-10-02 18:35:00,0 days 01:50:00
CRM,-IF,2019-10-03 08:15:00,2019-10-03 17:15:00,0 days 09:30:00
FR,-IF,2019-10-04 05:15:00,2019-10-05 05:15:00,1 days 00:30:00
AD5704,-I,2019-10-05 13:20:00,2019-10-05 22:42:00,0 days 00:00:00
AD9640,-M,2019-10-05 13:20:00,2019-10-05 22:42:00,0 days 00:00:00
AD5709,-M,2019-10-05 13:20:00,2019-10-05 22:42:00,0 days 00:00:00
AD4110,-M,2019-10-05 13:20:00,2019-10-05 22:42:00,0 days 00:00:00
AD2645,-F,2019-10-05 13:20:00,2019-10-05 22:42:00,0 days 09:52:00
AD2665,-I,2019-10-06 11:25:00,2019-10-06 21:06:00,0 days 00:00:00
AD4296,-M,2019-10-06 11:25:00,2019-10-06 21:06:00,0 days 00:00:00
AD5123,-M,2019-10-06 11:25:00,2019-10-06 21:06:00,0 days 00:00:00
AD2556,-M,2019-10-06 11:25:00,2019-10-06 21:06:00,0 days 00:00:00
AD4877,-F,2019-10-06 11:25:00,2019-10-06 21:06:00,0 days 10:11:00
AD4862,-I,2019-10-07 13:45:00,2019-10-07 22:17:00,0 days 00:00:00
AD4869,-M,2019-10-07 13:45:00,2019-10-07 22:17:00,0 days 00:00:00
AD4870,-M,2019-10-07 13:45:00,2019-10-07 22:17:00,0 days 00:00:00
AD5024,-F,2019-10-07 13:45:00,2019-10-07 22:17:00,0 days 09:02:00
RES,-I,2019-10-08 13:15:00,2019-10-08 16:15:00,0 days 00:00:00
AD5114,-M,2019-10-08 13:15:00,2019-10-08 22:27:00,0 days 00:00:00
AD4237,-M,2019-10-08 13:15:00,2019-10-08 22:27:00,0 days 00:00:00
AD2953,-F,2019-10-08 13:15:00,2019-10-08 22:27:00,0 days 09:42:00
REX,-IF,2019-10-09 11:25:00,2019-10-09 14:25:00,0 days 03:30:00
AD5798,-IF,2019-10-10 05:30:00,2019-10-10 08:10:00,0 days 03:10:00
FR,-IF,2019-10-11 10:30:00,2019-10-12 10:30:00,1 days 00:30:00
AD4104,-I,2019-11-01 13:00:00,2019-11-01 21:46:00,0 days 00:00:00
AD5201,-M,2019-11-01 13:00:00,2019-11-01 21:46:00,0 days 00:00:00
AD4004,-M,2019-11-01 13:00:00,2019-11-01 21:46:00,0 days 00:00:00
AD4877,-F,2019-11-01 13:00:00,2019-11-01 21:46:00,0 days 09:16:00
AD5808,-I,2019-11-02 13:20:00,2019-11-02 20:50:00,0 days 00:00:00
AD2781,-M,2019-11-02 13:20:00,2019-11-02 20:50:00,0 days 00:00:00
AD4869,-F,2019-11-02 13:20:00,2019-11-02 20:50:00,0 days 08:00:00
AD4860,-I,2019-11-03 11:30:00,2019-11-03 20:53:00,0 days 00:00:00
AD5312,-M,2019-11-03 11:30:00,2019-11-03 20:53:00,0 days 00:00:00
AD5313,-M,2019-11-03 11:30:00,2019-11-03 20:53:00,0 days 00:00:00
AD4869,-F,2019-11-03 11:30:00,2019-11-03 20:53:00,0 days 09:53:00
AD4864,-I,2019-11-04 14:20:00,2019-11-04 23:20:00,0 days 00:00:00
AD4871,-M,2019-11-04 14:20:00,2019-11-04 23:20:00,0 days 00:00:00
AD4876,-M,2019-11-04 14:20:00,2019-11-04 23:20:00,0 days 00:00:00
AD4316,-F,2019-11-04 14:20:00,2019-11-04 23:20:00,0 days 09:30:00
SNA,-IF,2019-11-06 00:00:00,2019-11-07 00:00:00,1 days 00:30:00
FR,-IF,2019-11-07 01:30:00,2019-11-08 01:30:00,1 days 00:30:00
RES,-I,2019-11-08 17:00:00,2019-11-08 21:10:00,0 days 00:00:00
AD5740,-M,2019-11-08 17:00:00,2019-11-09 01:56:00,0 days 00:00:00
AD4359,-F,2019-11-08 17:00:00,2019-11-09 01:56:00,0 days 09:26:00
AD5442,-I,2019-11-09 20:55:00,2019-11-10 02:09:00,0 days 00:00:00
AD5435,-F,2019-11-09 20:55:00,2019-11-10 02:09:00,0 days 05:44:00
AD2638,-I,2019-11-10 15:00:00,2019-11-10 23:05:00,0 days 00:00:00
AD2772,-F,2019-11-10 15:00:00,2019-11-10 23:05:00,0 days 08:35:00
F,-IF,2019-12-01 07:00:00,2019-12-02 07:00:00,1 days 00:30:00
F,-IF,2019-12-02 07:00:00,2019-12-03 07:00:00,1 days 00:30:00
GS,-IF,2019-12-03 08:15:00,2019-12-03 17:15:00,0 days 09:30:00
F,-IF,2019-12-04 07:00:00,2019-12-05 07:00:00,1 days 00:30:00
F,-IF,2019-12-05 07:00:00,2019-12-06 07:00:00,1 days 00:30:00
APT,-IF,2019-12-06 11:15:00,2019-12-06 15:15:00,0 days 04:30:00
APT,-IF,2019-12-07 07:00:00,2019-12-07 11:00:00,0 days 04:30:00
APT,-IF,2019-12-08 07:00:00,2019-12-08 11:00:00,0 days 04:30:00
GS,-IF,2019-12-09 08:15:00,2019-12-09 17:15:00,0 days 09:30:00
F,-IF,2019-12-10 06:30:00,2019-12-11 06:30:00,1 days 00:30:00
F,-IF,2019-12-11 06:30:00,2019-12-12 06:30:00,1 days 00:30:00
SFX,-IF,2019-12-12 17:45:00,2019-12-12 21:45:00,0 days 04:30:00
F,-IF,2020-01-01 08:00:00,2020-01-02 08:00:00,1 days 00:30:00
F,-IF,2020-01-02 08:00:00,2020-01-03 08:00:00,1 days 00:30:00
F,-IF,2020-01-03 08:00:00,2020-01-04 08:00:00,1 days 00:30:00
SFX,-IF,2020-01-04 13:30:00,2020-01-04 17:30:00,0 days 04:30:00
SFX,-IF,2020-01-05 22:00:00,2020-01-06 02:00:00,0 days 04:30:00
SFX,-IF,2020-01-06 17:45:00,2020-01-06 21:45:00,0 days 04:30:00
SFX,-IF,2020-01-07 13:30:00,2020-01-07 17:30:00,0 days 04:30:00
F,-IF,2020-01-08 06:30:00,2020-01-09 06:30:00,1 days 00:30:00
F,-IF,2020-01-09 06:30:00,2020-01-10 06:30:00,1 days 00:30:00
F,-IF,2020-01-10 06:30:00,2020-01-11 06:30:00,1 days 00:30:00
BUS,-IF,2020-01-11 11:30:00,2020-01-11 13:30:00,0 days 02:30:00
SFX,-IF,2020-01-11 15:10:00,2020-01-11 19:10:00,0 days 04:30:00
BUS,-IF,2020-01-12 09:30:00,2020-01-12 11:30:00,0 days 02:30:00
SFX,-IF,2020-01-12 13:30:00,2020-01-12 17:30:00,0 days 04:30:00
AD5011,-I,2020-02-02 14:55:00,2020-02-02 22:53:00,0 days 00:00:00
AD2432,-F,2020-02-02 14:55:00,2020-02-02 22:53:00,0 days 08:28:00
AD5346,-I,2020-02-03 12:05:00,2020-02-03 20:35:00,0 days 00:00:00
AD2885,-M,2020-02-03 12:05:00,2020-02-03 20:35:00,0 days 00:00:00
AD2883,-F,2020-02-03 12:05:00,2020-02-03 20:35:00,0 days 09:00:00
AD2432,-IF,2020-02-04 18:50:00,2020-02-05 02:40:00,0 days 08:20:00
AD6944,-I,2020-02-06 02:00:00,2020-02-06 12:50:00,0 days 00:00:00
AD5374,-F,2020-02-06 02:00:00,2020-02-06 12:50:00,0 days 11:20:00
FR,-IF,2020-02-07 01:35:00,2020-02-08 01:35:00,1 days 00:30:00
FR,-IF,2020-02-08 01:35:00,2020-02-09 01:35:00,1 days 00:30:00
FR,-IF,2020-02-09 01:35:00,2020-02-10 01:35:00,1 days 00:30:00
FR,-IF,2020-02-10 01:35:00,2020-02-11 01:35:00,1 days 00:30:00
FR,-IF,2020-02-11 01:35:00,2020-02-12 01:35:00,1 days 00:30:00
REX,-IF,2020-02-12 13:15:00,2020-02-12 19:00:00,0 days 06:15:00
AD6407,-IF,2020-03-02 01:20:00,2020-03-02 07:20:00,0 days 06:30:00
FR,-IF,2020-03-03 00:00:00,2020-03-04 00:00:00,1 days 00:30:00
FR,-IF,2020-03-04 00:00:00,2020-03-05 00:00:00,1 days 00:30:00
AD5066,-IF,2020-03-05 07:25:00,2020-03-05 11:56:00,0 days 05:01:00
AD6407,-I,2020-03-06 01:20:00,2020-03-06 09:50:00,0 days 00:00:00
AD5280,-F,2020-03-06 01:20:00,2020-03-06 09:50:00,0 days 09:00:00
AD4174,-I,2020-03-06 22:20:00,2020-03-07 06:45:00,0 days 00:00:00
AD2891,-F,2020-03-06 22:20:00,2020-03-07 06:45:00,0 days 08:55:00
AD4044,-I,2020-03-08 12:10:00,2020-03-08 16:59:00,0 days 00:00:00
AD4227,-F,2020-03-08 12:10:00,2020-03-08 16:59:00,0 days 05:19:00
FR,-IF,2020-03-09 05:45:00,2020-03-10 05:45:00,1 days 00:30:00
FR,-IF,2020-03-10 05:45:00,2020-03-11 05:45:00,1 days 00:30:00
AD4469,-I,2020-03-11 07:10:00,2020-03-11 15:06:00,0 days 00:00:00
AD4432,-M,2020-03-11 07:10:00,2020-03-11 15:06:00,0 days 00:00:00
AD2444,-F,2020-03-11 07:10:00,2020-03-11 15:06:00,0 days 08:26:00
AD2844,-IF,2020-03-12 05:15:00,2020-03-12 08:07:00,0 days 03:22:00
DOP,-IF,2020-04-01 11:25:00,2020-04-01 23:59:00,0 days 13:04:00
DOP,-IF,2020-04-02 00:00:00,2020-04-02 23:59:00,1 days 00:29:00
DOP,-IF,2020-04-03 00:00:00,2020-04-03 23:59:00,1 days 00:29:00
DOP,-IF,2020-04-04 00:00:00,2020-04-04 23:59:00,1 days 00:29:00
DOP,-IF,2020-04-05 00:00:00,2020-04-05 23:59:00,1 days 00:29:00
DOP,-IF,2020-04-06 00:00:00,2020-04-06 23:59:00,1 days 00:29:00
DOP,-IF,2020-04-07 00:00:00,2020-04-07 23:59:00,1 days 00:29:00
DOP,-IF,2020-04-08 00:00:00,2020-04-08 23:59:00,1 days 00:29:00
DOP,-IF,2020-04-09 00:00:00,2020-04-09 23:59:00,1 days 00:29:00
DOP,-IF,2020-04-10 00:00:00,2020-04-10 23:59:00,1 days 00:29:00
DOP,-IF,2020-04-11 00:00:00,2020-04-11 23:59:00,1 days 00:29:00
DOP,-IF,2020-04-12 00:00:00,2020-04-12 23:59:00,1 days 00:29:00
F,-IF,2020-05-01 00:00:00,2020-05-02 00:00:00,1 days 00:30:00
F,-IF,2020-05-02 00:00:00,2020-05-03 00:00:00,1 days 00:30:00
F,-IF,2020-05-03 00:00:00,2020-05-04 00:00:00,1 days 00:30:00
F,-IF,2020-05-04 00:00:00,2020-05-05 00:00:00,1 days 00:30:00
F,-IF,2020-05-05 00:00:00,2020-05-06 00:00:00,1 days 00:30:00
F,-IF,2020-05-06 00:00:00,2020-05-07 00:00:00,1 days 00:30:00
F,-IF,2020-05-07 00:00:00,2020-05-08 00:00:00,1 days 00:30:00
F,-IF,2020-05-08 00:00:00,2020-05-09 00:00:00,1 days 00:30:00
F,-IF,2020-05-09 00:00:00,2020-05-10 00:00:00,1 days 00:30:00
F,-IF,2020-05-10 00:00:00,2020-05-11 00:00:00,1 days 00:30:00
F,-IF,2020-05-11 00:00:00,2020-05-12 00:00:00,1 days 00:30:00
F,-IF,2020-06-01 00:00:00,2020-06-02 00:00:00,1 days 00:30:00
F,-IF,2020-06-02 00:00:00,2020-06-03 00:00:00,1 days 00:30:00
F,-IF,2020-06-03 00:00:00,2020-06-04 00:00:00,1 days 00:30:00
F,-IF,2020-06-04 00:00:00,2020-06-05 00:00:00,1 days 00:30:00
F,-IF,2020-06-05 00:00:00,2020-06-06 00:00:00,1 days 00:30:00
F,-IF,2020-06-06 00:00:00,2020-06-07 00:00:00,1 days 00:30:00
F,-IF,2020-06-07 00:00:00,2020-06-08 00:00:00,1 days 00:30:00
F,-IF,2020-06-08 00:00:00,2020-06-09 00:00:00,1 days 00:30:00
SNA,-IF,2020-06-09 00:00:00,2020-06-10 00:00:00,1 days 00:30:00
F,-IF,2020-06-10 00:00:00,2020-06-11 00:00:00,1 days 00:30:00
F,-IF,2020-06-11 00:00:00,2020-06-12 00:00:00,1 days 00:30:00
FR,-IF,2020-07-02 00:00:00,2020-07-03 00:00:00,1 days 00:30:00
FR,-IF,2020-07-03 00:00:00,2020-07-04 00:00:00,1 days 00:30:00
F,-IF,2020-07-04 00:00:00,2020-07-05 00:00:00,1 days 00:30:00
F,-IF,2020-07-05 00:00:00,2020-07-06 00:00:00,1 days 00:30:00
F,-IF,2020-07-06 00:00:00,2020-07-07 00:00:00,1 days 00:30:00
F,-IF,2020-07-07 00:00:00,2020-07-08 00:00:00,1 days 00:30:00
F,-IF,2020-07-08 00:00:00,2020-07-09 00:00:00,1 days 00:30:00
F,-IF,2020-07-09 00:00:00,2020-07-10 00:00:00,1 days 00:30:00
F,-IF,2020-07-10 00:00:00,2020-07-11 00:00:00,1 days 00:30:00
F,-IF,2020-07-11 00:00:00,2020-07-12 00:00:00,1 days 00:30:00
F,-IF,2020-08-01 00:00:00,2020-08-02 00:00:00,1 days 00:30:00
F,-IF,2020-08-02 00:00:00,2020-08-03 00:00:00,1 days 00:30:00
F,-IF,2020-08-03 00:00:00,2020-08-04 00:00:00,1 days 00:30:00
SNA,-IF,2020-08-04 00:00:00,2020-08-05 00:00:00,1 days 00:30:00
F,-IF,2020-08-05 00:00:00,2020-08-06 00:00:00,1 days 00:30:00
F,-IF,2020-08-06 00:00:00,2020-08-07 00:00:00,1 days 00:30:00
F,-IF,2020-08-07 00:00:00,2020-08-08 00:00:00,1 days 00:30:00
F,-IF,2020-08-08 00:00:00,2020-08-09 00:00:00,1 days 00:30:00
F,-IF,2020-08-09 00:00:00,2020-08-10 00:00:00,1 days 00:30:00
F,-IF,2020-08-10 00:00:00,2020-08-11 00:00:00,1 days 00:30:00
F,-IF,2020-08-11 00:00:00,2020-08-12 00:00:00,1 days 00:30:00
FR,-IF,2020-09-01 12:00:00,2020-09-02 12:00:00,1 days 00:30:00
R12,-IF,2020-09-02 12:15:00,2020-09-02 15:15:00,0 days 03:30:00
AD4370,-I,2020-09-03 08:16:00,2020-09-03 17:28:00,0 days 00:00:00
AD4572,-M,2020-09-03 08:16:00,2020-09-03 17:28:00,0 days 00:00:00
AD4573,-F,2020-09-03 08:16:00,2020-09-03 17:28:00,0 days 09:42:00
AD4568,-I,2020-09-04 08:35:00,2020-09-04 17:23:00,0 days 00:00:00
AD4330,-F,2020-09-04 08:35:00,2020-09-04 17:23:00,0 days 09:18:00
AD4526,-I,2020-09-05 12:15:00,2020-09-05 20:58:00,0 days 00:00:00
AD4527,-M,2020-09-05 12:15:00,2020-09-05 20:58:00,0 days 00:00:00
AD4333,-F,2020-09-05 12:15:00,2020-09-05 20:58:00,0 days 09:13:00
FR,-IF,2020-09-06 10:00:00,2020-09-07 10:00:00,1 days 00:30:00
FR,-IF,2020-09-07 10:00:00,2020-09-08 10:00:00,1 days 00:30:00
AD4698,-I,2020-09-09 07:40:00,2020-09-09 18:21:00,0 days 00:00:00
AD2005,-M,2020-09-09 07:40:00,2020-09-09 18:21:00,0 days 00:00:00
AD2006,-F,2020-09-09 07:40:00,2020-09-09 18:21:00,0 days 11:11:00
FR,-IF,2020-09-11 00:00:00,2020-09-12 00:00:00,1 days 00:30:00
FER,-IF,2020-10-01 00:00:00,2020-10-02 00:00:00,1 days 00:30:00
FER,-IF,2020-10-02 00:00:00,2020-10-03 00:00:00,1 days 00:30:00
FER,-IF,2020-10-03 00:00:00,2020-10-04 00:00:00,1 days 00:30:00
FER,-IF,2020-10-04 00:00:00,2020-10-05 00:00:00,1 days 00:30:00
FER,-IF,2020-10-05 00:00:00,2020-10-06 00:00:00,1 days 00:30:00
FER,-IF,2020-10-06 00:00:00,2020-10-07 00:00:00,1 days 00:30:00
FER,-IF,2020-10-07 00:00:00,2020-10-08 00:00:00,1 days 00:30:00
FER,-IF,2020-10-08 00:00:00,2020-10-09 00:00:00,1 days 00:30:00
FER,-IF,2020-10-09 00:00:00,2020-10-10 00:00:00,1 days 00:30:00
FER,-IF,2020-10-10 00:00:00,2020-10-11 00:00:00,1 days 00:30:00
FER,-IF,2020-10-11 00:00:00,2020-10-12 00:00:00,1 days 00:30:00
FR,-IF,2020-11-01 00:00:00,2020-11-02 00:00:00,1 days 00:30:00
FR,-IF,2020-11-02 00:00:00,2020-11-03 00:00:00,1 days 00:30:00
AD4079,-I,2020-11-03 08:05:00,2020-11-03 15:06:00,0 days 00:00:00
AD4562,-F,2020-11-03 08:05:00,2020-11-03 15:06:00,0 days 07:31:00
AD4161,-I,2020-11-04 05:20:00,2020-11-04 12:17:00,0 days 00:00:00
AD4329,-F,2020-11-04 05:20:00,2020-11-04 12:17:00,0 days 07:27:00
CMA,-IF,2020-11-05 04:00:00,2020-11-05 13:00:00,0 days 09:30:00
AD9242,-I,2020-11-06 22:45:00,2020-11-07 06:48:00,0 days 00:00:00
AD9243,-F,2020-11-06 22:45:00,2020-11-07 06:48:00,0 days 08:33:00
FR,-IF,2020-11-07 19:30:00,2020-11-08 19:30:00,1 days 00:30:00
FR,-IF,2020-11-08 19:30:00,2020-11-09 19:30:00,1 days 00:30:00
AD4451,-I,2020-11-09 21:31:00,2020-11-10 04:04:00,0 days 00:00:00
AD4170,-F,2020-11-09 21:31:00,2020-11-10 04:04:00,0 days 07:03:00
AD4544,-IF,2020-11-11 06:01:00,2020-11-11 08:35:00,0 days 03:04:00
AD4545,-I,2020-11-11 21:30:00,2020-11-12 07:10:00,0 days 00:00:00
AD4169,-M,2020-11-11 21:30:00,2020-11-12 07:10:00,0 days 00:00:00
AD4383,-F,2020-11-11 21:30:00,2020-11-12 07:10:00,0 days 10:10:00
F,-IF,2020-12-01 00:45:00,2020-12-02 00:45:00,1 days 00:30:00
F,-IF,2020-12-02 00:45:00,2020-12-03 00:45:00,1 days 00:30:00
F,-IF,2020-12-03 00:45:00,2020-12-04 00:45:00,1 days 00:30:00
F,-IF,2020-12-04 00:45:00,2020-12-05 00:45:00,1 days 00:30:00
F,-IF,2020-12-05 00:45:00,2020-12-06 00:45:00,1 days 00:30:00
R16,-IF,2020-12-06 16:00:00,2020-12-06 19:00:00,0 days 03:30:00
P12,-IF,2020-12-07 12:00:00,2020-12-07 23:45:00,0 days 12:15:00
FR,-IF,2020-12-08 11:45:00,2020-12-09 11:45:00,1 days 00:30:00
PP1,-IF,2020-12-10 08:10:00,2020-12-10 12:10:00,0 days 04:30:00
PP1,-IF,2020-12-10 13:10:00,2020-12-10 17:10:00,0 days 04:30:00
PPS,-IF,2020-12-10 17:10:00,2020-12-10 18:40:00,0 days 02:00:00
FR,-IF,2020-12-11 06:40:00,2020-12-12 06:40:00,1 days 00:30:00
FR,-IF,2021-01-01 10:00:00,2021-01-02 10:00:00,1 days 00:30:00
FP,-IF,2021-01-02 10:00:00,2021-01-03 10:00:00,1 days 00:30:00
FR,-IF,2021-01-03 10:00:00,2021-01-04 10:00:00,1 days 00:30:00
FR,-IF,2021-01-04 10:00:00,2021-01-05 10:00:00,1 days 00:30:00
SNA,-IF,2021-01-06 00:00:00,2021-01-07 00:00:00,1 days 00:30:00
AD9286,-IF,2021-01-07 08:05:00,2021-01-07 11:45:00,0 days 04:10:00
AD9066,-I,2021-01-08 01:20:00,2021-01-08 06:38:00,0 days 00:00:00
AD9067,-F,2021-01-08 01:20:00,2021-01-08 06:38:00,0 days 05:48:00
AD4623,-I,2021-01-09 05:20:00,2021-01-09 12:40:00,0 days 00:00:00
AD4568,-F,2021-01-09 05:20:00,2021-01-09 12:40:00,0 days 07:50:00
FR,-IF,2021-01-10 01:25:00,2021-01-11 01:25:00,1 days 00:30:00
FR,-IF,2021-01-11 01:25:00,2021-01-12 01:25:00,1 days 00:30:00
SNA,-IF,2021-02-02 00:00:00,2021-02-03 00:00:00,1 days 00:30:00
SFX,-IF,2021-02-03 11:15:00,2021-02-03 15:15:00,0 days 04:30:00
SFX,-IF,2021-02-04 11:15:00,2021-02-04 15:15:00,0 days 04:30:00
SFX,-IF,2021-02-05 11:15:00,2021-02-05 15:15:00,0 days 04:30:00
FR,-IF,2021-02-06 03:45:00,2021-02-07 03:45:00,1 days 00:30:00
FR,-IF,2021-02-07 03:45:00,2021-02-08 03:45:00,1 days 00:30:00
AD4995,-I,2021-02-08 22:55:00,2021-02-09 05:22:00,0 days 00:00:00
AD4361,-F,2021-02-08 22:55:00,2021-02-09 05:22:00,0 days 06:57:00
SNA,-IF,2021-02-10 00:00:00,2021-02-11 00:00:00,1 days 00:30:00
FR,-IF,2021-02-11 00:00:00,2021-02-12 00:00:00,1 days 00:30:00
AD4332,-IF,2021-03-01 17:25:00,2021-03-01 21:38:00,0 days 04:43:00
AD4438,-I,2021-03-02 12:30:00,2021-03-02 21:25:00,0 days 00:00:00
AD4439,-M,2021-03-02 12:30:00,2021-03-02 21:25:00,0 days 00:00:00
AD4519,-F,2021-03-02 12:30:00,2021-03-02 21:25:00,0 days 09:25:00
AD4620,-I,2021-03-03 17:00:00,2021-03-03 23:50:00,0 days 00:00:00
AD4429,-F,2021-03-03 17:00:00,2021-03-03 23:50:00,0 days 07:20:00
AD4565,-IF,2021-03-04 14:25:00,2021-03-04 16:55:00,0 days 03:00:00
AD4564,-I,2021-03-05 11:45:00,2021-03-05 21:15:00,0 days 00:00:00
AD4565,-M,2021-03-05 11:45:00,2021-03-05 21:15:00,0 days 00:00:00
AD4333,-F,2021-03-05 11:45:00,2021-03-05 21:15:00,0 days 10:00:00
P12,-IF,2021-03-06 12:15:00,2021-03-06 20:00:00,0 days 08:15:00
FR,-IF,2021-03-07 08:00:00,2021-03-08 08:00:00,1 days 00:30:00
FR,-IF,2021-03-08 08:00:00,2021-03-09 08:00:00,1 days 00:30:00
SE,-IF,2021-03-09 08:30:00,2021-03-09 16:30:00,0 days 08:30:00
RES,-I,2021-03-10 06:30:00,2021-03-10 08:25:00,0 days 00:00:00
AD4028,-M,2021-03-10 06:30:00,2021-03-10 12:18:00,0 days 00:00:00
AD4483,-F,2021-03-10 06:30:00,2021-03-10 12:18:00,0 days 06:18:00
BUS,-I,2021-03-11 19:15:00,2021-03-11 21:15:00,0 days 00:00:00
AD4915,-F,2021-03-11 19:15:00,2021-03-12 00:40:00,0 days 05:55:00
R20,-IF,2021-04-01 20:00:00,2021-04-01 23:30:00,0 days 04:00:00
P14,-IF,2021-04-02 14:00:00,2021-04-02 22:00:00,0 days 08:30:00
FR,-IF,2021-04-03 10:00:00,2021-04-04 10:00:00,1 days 00:30:00
FR,-IF,2021-04-04 10:00:00,2021-04-05 10:00:00,1 days 00:30:00
SNA,-IF,2021-04-06 00:00:00,2021-04-07 00:00:00,1 days 00:30:00
FR,-IF,2021-04-07 00:00:00,2021-04-08 00:00:00,1 days 00:30:00
FR,-IF,2021-04-08 00:00:00,2021-04-09 00:00:00,1 days 00:30:00
FR,-IF,2021-04-09 00:00:00,2021-04-10 00:00:00,1 days 00:30:00
FR,-IF,2021-04-10 00:00:00,2021-04-11 00:00:00,1 days 00:30:00
FR,-IF,2021-04-11 00:00:00,2021-04-12 00:00:00,1 days 00:30:00
AD4543,-IF,2021-05-01 19:00:00,2021-05-01 21:25:00,0 days 02:55:00
FR,-IF,2021-05-02 10:15:00,2021-05-03 10:15:00,1 days 00:30:00
FR,-IF,2021-05-03 10:15:00,2021-05-04 10:15:00,1 days 00:30:00
CMA,-IF,2021-05-05 00:00:00,2021-05-06 00:00:00,1 days 00:30:00
FR,-IF,2021-05-06 00:00:00,2021-05-07 00:00:00,1 days 00:30:00
FR,-IF,2021-05-07 00:00:00,2021-05-08 00:00:00,1 days 00:30:00
FR,-IF,2021-05-10 05:15:00,2021-05-11 05:15:00,1 days 00:30:00
FJC24,-IF,2021-06-01 00:00:00,2021-06-02 00:00:00,1 days 00:30:00
LNR24,-IF,2021-06-02 00:00:00,2021-06-03 00:00:00,1 days 00:30:00
LNR24,-IF,2021-07-09 00:00:00,2021-07-10 00:00:00,1 days 00:30:00
LNR24,-IF,2021-07-10 00:00:00,2021-07-11 00:00:00,1 days 00:30:00
LNR24,-IF,2021-07-11 00:00:00,2021-07-12 00:00:00,1 days 00:30:00
F,-IF,2021-08-01 00:00:00,2021-08-02 00:00:00,1 days 00:30:00
EAD,-IF,2021-08-02 08:10:00,2021-08-02 10:10:00,0 days 02:30:00
EAD,-IF,2021-08-02 10:10:00,2021-08-02 11:10:00,0 days 01:30:00
EAD,-IF,2021-08-02 11:10:00,2021-08-02 12:10:00,0 days 01:30:00
EAD,-IF,2021-08-02 13:10:00,2021-08-02 15:10:00,0 days 02:30:00
EAD,-IF,2021-08-02 15:10:00,2021-08-02 16:10:00,0 days 01:30:00
EAD,-IF,2021-08-02 16:10:00,2021-08-02 18:10:00,0 days 02:30:00
AVS,-IF,2021-08-03 08:10:00,2021-08-03 09:00:00,0 days 01:20:00
AVS,-IF,2021-08-03 09:10:00,2021-08-03 10:00:00,0 days 01:20:00
AVS,-IF,2021-08-03 10:10:00,2021-08-03 11:00:00,0 days 01:20:00
AVS,-IF,2021-08-03 11:10:00,2021-08-03 12:00:00,0 days 01:20:00
AVS,-IF,2021-08-03 12:00:00,2021-08-03 12:10:00,0 days 00:40:00
GCI,-IF,2021-08-03 13:10:00,2021-08-03 17:10:00,0 days 04:30:00
EAD,-IF,2021-08-03 17:10:00,2021-08-03 18:10:00,0 days 01:30:00
EAD,-IF,2021-08-04 08:10:00,2021-08-04 17:10:00,0 days 09:30:00
EAD,-IF,2021-08-04 17:10:00,2021-08-04 18:10:00,0 days 01:30:00
EAD,-IF,2021-08-05 08:15:00,2021-08-05 09:45:00,0 days 02:00:00
EAD,-IF,2021-08-05 09:45:00,2021-08-05 12:15:00,0 days 03:00:00
EAD,-IF,2021-08-05 13:15:00,2021-08-05 14:15:00,0 days 01:30:00
EAD,-IF,2021-08-05 14:15:00,2021-08-05 17:10:00,0 days 03:25:00
EAD,-IF,2021-08-05 17:10:00,2021-08-05 18:00:00,0 days 01:20:00
EAD,-IF,2021-08-05 18:00:00,2021-08-05 18:15:00,0 days 00:45:00
EAD,-IF,2021-08-06 10:10:00,2021-08-06 12:10:00,0 days 02:30:00
EAD,-IF,2021-08-06 13:10:00,2021-08-06 16:05:00,0 days 03:25:00
EAD,-IF,2021-08-06 16:05:00,2021-08-06 16:55:00,0 days 01:20:00
EAD,-IF,2021-08-06 16:55:00,2021-08-06 17:10:00,0 days 00:45:00
F,-IF,2021-08-07 07:00:00,2021-08-08 07:00:00,1 days 00:30:00
F,-IF,2021-08-08 07:00:00,2021-08-09 07:00:00,1 days 00:30:00
PC3,-IF,2021-08-09 10:00:00,2021-08-09 11:00:00,0 days 01:30:00
SFX,-IF,2021-08-10 06:00:00,2021-08-10 10:00:00,0 days 04:30:00
SFX,-IF,2021-08-11 10:15:00,2021-08-11 14:15:00,0 days 04:30:00
SFX,-IF,2021-08-12 10:15:00,2021-08-12 14:15:00,0 days 04:30:00
AD4047,-I,2021-09-02 05:28:00,2021-09-02 11:36:00,0 days 00:00:00
AD4431,-F,2021-09-02 05:28:00,2021-09-02 11:36:00,0 days 06:38:00
AD4508,-I,2021-09-03 07:27:00,2021-09-03 15:12:00,0 days 00:00:00
AD4761,-F,2021-09-03 07:27:00,2021-09-03 15:12:00,0 days 08:15:00
AD4080,-I,2021-09-04 04:30:00,2021-09-04 10:31:00,0 days 00:00:00
AD4590,-F,2021-09-04 04:30:00,2021-09-04 10:31:00,0 days 06:31:00
AD2483,-I,2021-09-05 04:20:00,2021-09-05 11:42:00,0 days 00:00:00
AD2491,-F,2021-09-05 04:20:00,2021-09-05 11:42:00,0 days 07:52:00
AD5041,-IF,2021-09-06 11:35:00,2021-09-06 15:39:00,0 days 04:34:00
FR,-IF,2021-09-07 04:30:00,2021-09-08 04:30:00,1 days 00:30:00
FR,-IF,2021-09-08 04:30:00,2021-09-09 04:30:00,1 days 00:30:00
FR,-IF,2021-09-09 04:30:00,2021-09-10 04:30:00,1 days 00:30:00
AD4866,-I,2021-09-10 05:10:00,2021-09-10 13:11:00,0 days 00:00:00
AD4867,-M,2021-09-10 05:10:00,2021-09-10 13:11:00,0 days 00:00:00
AD4846,-F,2021-09-10 05:10:00,2021-09-10 13:11:00,0 days 08:31:00
AD2608,-I,2021-09-11 05:25:00,2021-09-11 11:12:00,0 days 00:00:00
AD4769,-F,2021-09-11 05:25:00,2021-09-11 11:12:00,0 days 06:17:00
FR,-IF,2021-10-01 11:35:00,2021-10-02 11:35:00,1 days 00:30:00
AD4840,-I,2021-10-03 07:15:00,2021-10-03 16:42:00,0 days 00:00:00
AD4218,-M,2021-10-03 07:15:00,2021-10-03 16:42:00,0 days 00:00:00
AD4463,-F,2021-10-03 07:15:00,2021-10-03 16:42:00,0 days 09:57:00
AD4230,-I,2021-10-04 12:10:00,2021-10-04 16:22:00,0 days 00:00:00
AD4231,-F,2021-10-04 12:10:00,2021-10-04 16:22:00,0 days 04:42:00
AD4460,-I,2021-10-05 12:25:00,2021-10-05 22:07:00,0 days 00:00:00
AD4210,-M,2021-10-05 12:25:00,2021-10-05 22:07:00,0 days 00:00:00
AD4580,-M,2021-10-05 12:25:00,2021-10-05 22:07:00,0 days 00:00:00
AD4545,-F,2021-10-05 12:25:00,2021-10-05 22:07:00,0 days 10:12:00
AD2654,-I,2021-10-06 22:00:00,2021-10-07 07:30:00,0 days 00:00:00
AD2649,-F,2021-10-06 22:00:00,2021-10-07 07:30:00,0 days 10:00:00
AD4160,-I,2021-10-07 22:00:00,2021-10-08 05:40:00,0 days 00:00:00
AD2953,-F,2021-10-07 22:00:00,2021-10-08 05:40:00,0 days 08:10:00
FR,-IF,2021-10-09 00:00:00,2021-10-10 00:00:00,1 days 00:30:00
FR,-IF,2021-10-10 00:00:00,2021-10-11 00:00:00,1 days 00:30:00
AD4079,-I,2021-10-11 07:45:00,2021-10-11 14:55:00,0 days 00:00:00
AD2723,-F,2021-10-11 07:45:00,2021-10-11 14:55:00,0 days 07:40:00
FR,-IF,2021-11-01 20:00:00,2021-11-02 20:00:00,1 days 00:30:00
FER,-IF,2021-11-03 00:00:00,2021-11-04 00:00:00,1 days 00:30:00
FER,-IF,2021-11-04 00:00:00,2021-11-05 00:00:00,1 days 00:30:00
FER,-IF,2021-11-05 00:00:00,2021-11-06 00:00:00,1 days 00:30:00
FER,-IF,2021-11-06 00:00:00,2021-11-07 00:00:00,1 days 00:30:00
FER,-IF,2021-11-07 00:00:00,2021-11-08 00:00:00,1 days 00:30:00
FER,-IF,2021-11-08 00:00:00,2021-11-09 00:00:00,1 days 00:30:00
FER,-IF,2021-11-09 00:00:00,2021-11-10 00:00:00,1 days 00:30:00
FER,-IF,2021-11-10 00:00:00,2021-11-11 00:00:00,1 days 00:30:00
FER,-IF,2021-11-11 00:00:00,2021-11-12 00:00:00,1 days 00:30:00
FER,-IF,2021-12-01 00:00:00,2021-12-02 00:00:00,1 days 00:30:00
FER,-IF,2021-12-02 00:00:00,2021-12-03 00:00:00,1 days 00:30:00
FP,-IF,2021-12-03 00:00:00,2021-12-04 00:00:00,1 days 00:30:00
FP,-IF,2021-12-04 00:00:00,2021-12-05 00:00:00,1 days 00:30:00
FR,-IF,2021-12-05 00:00:00,2021-12-06 00:00:00,1 days 00:30:00
CMA,-IF,2021-12-06 00:00:00,2021-12-07 00:00:00,1 days 00:30:00
SNA,-IF,2021-12-07 00:00:00,2021-12-08 00:00:00,1 days 00:30:00
AD4336,-I,2021-12-08 07:45:00,2021-12-08 16:33:00,0 days 00:00:00
AD4342,-M,2021-12-08 07:45:00,2021-12-08 16:33:00,0 days 00:00:00
AD4345,-F,2021-12-08 07:45:00,2021-12-08 16:33:00,0 days 09:18:00
AD4342,-I,2021-12-09 10:15:00,2021-12-09 20:35:00,0 days 00:00:00
AD4345,-M,2021-12-09 10:15:00,2021-12-09 20:35:00,0 days 00:00:00
AD4339,-F,2021-12-09 10:15:00,2021-12-09 20:35:00,0 days 10:50:00
FR,-IF,2021-12-10 11:45:00,2021-12-11 11:45:00,1 days 00:30:00
AD2476,-I,2021-12-12 07:00:00,2021-12-12 13:04:00,0 days 00:00:00
AD2402,-F,2021-12-12 07:00:00,2021-12-12 13:04:00,0 days 06:34:00
FR,-IF,2022-01-01 09:20:00,2022-01-02 09:20:00,1 days 00:30:00
FR,-IF,2022-01-02 09:20:00,2022-01-03 09:20:00,1 days 00:30:00
FR,-IF,2022-01-03 09:20:00,2022-01-04 09:20:00,1 days 00:30:00
FP,-IF,2022-01-04 09:20:00,2022-01-05 09:20:00,1 days 00:30:00
AD2991,-I,2022-01-05 13:20:00,2022-01-06 00:55:00,0 days 00:00:00
AD4914,-M,2022-01-05 13:20:00,2022-01-06 00:55:00,0 days 00:00:00
AD4915,-F,2022-01-05 13:20:00,2022-01-06 00:55:00,0 days 12:05:00
AD2917,-I,2022-01-06 14:05:00,2022-01-07 00:53:00,0 days 00:00:00
AD4503,-M,2022-01-06 14:05:00,2022-01-07 00:53:00,0 days 00:00:00
AD9118,-F,2022-01-06 14:05:00,2022-01-07 00:53:00,0 days 11:18:00
AD4527,-IF,2022-01-07 14:05:00,2022-01-07 15:54:00,0 days 02:19:00
AD2701,-I,2022-01-08 07:40:00,2022-01-08 17:40:00,0 days 00:00:00
AD2578,-F,2022-01-08 07:40:00,2022-01-08 17:40:00,0 days 10:30:00
AD2599,-IF,2022-01-09 06:00:00,2022-01-09 10:48:00,0 days 05:18:00
FR,-IF,2022-01-10 00:00:00,2022-01-11 00:00:00,1 days 00:30:00
FR,-IF,2022-01-11 00:00:00,2022-01-12 00:00:00,1 days 00:30:00
SFX,-IF,2022-02-01 14:30:00,2022-02-01 18:30:00,0 days 04:30:00
FR,-IF,2022-02-02 07:00:00,2022-02-03 07:00:00,1 days 00:30:00
FR,-IF,2022-02-03 07:00:00,2022-02-04 07:00:00,1 days 00:30:00
AD4338,-I,2022-02-04 13:30:00,2022-02-05 00:31:00,0 days 00:00:00
AD4512,-M,2022-02-04 13:30:00,2022-02-05 00:31:00,0 days 00:00:00
AD9103,-F,2022-02-04 13:30:00,2022-02-05 00:31:00,0 days 11:31:00
AD4216,-I,2022-02-05 18:50:00,2022-02-06 01:21:00,0 days 00:00:00
AD4823,-F,2022-02-05 18:50:00,2022-02-06 01:21:00,0 days 07:01:00
AD4631,-I,2022-02-06 16:40:00,2022-02-06 23:33:00,0 days 00:00:00
AD4208,-F,2022-02-06 16:40:00,2022-02-06 23:33:00,0 days 07:23:00
AD4155,-I,2022-02-07 18:45:00,2022-02-08 00:42:00,0 days 00:00:00
AD4248,-F,2022-02-07 18:45:00,2022-02-08 00:42:00,0 days 06:27:00
AD4850,-IF,2022-02-08 18:30:00,2022-02-08 21:20:00,0 days 03:20:00
FR,-IF,2022-02-09 10:05:00,2022-02-10 10:05:00,1 days 00:30:00
FR,-IF,2022-02-10 10:05:00,2022-02-11 10:05:00,1 days 00:30:00
FR,-IF,2022-02-11 10:05:00,2022-02-12 10:05:00,1 days 00:30:00
AD5024,-I,2022-03-01 07:45:00,2022-03-01 19:05:00,0 days 00:00:00
AD5024,-M,2022-03-01 07:45:00,2022-03-01 19:05:00,0 days 00:00:00
AD2641,-F,2022-03-01 07:45:00,2022-03-01 19:05:00,0 days 11:50:00
AD5024,-I,2022-03-02 07:45:00,2022-03-02 16:13:00,0 days 00:00:00
AD2656,-F,2022-03-02 07:45:00,2022-03-02 16:13:00,0 days 08:58:00
FR,-IF,2022-03-03 05:30:00,2022-03-04 05:30:00,1 days 00:30:00
FR,-IF,2022-03-04 05:30:00,2022-03-05 05:30:00,1 days 00:30:00
RES,-I,2022-03-05 12:00:00,2022-03-05 13:09:00,0 days 00:00:00
AD2960,-M,2022-03-05 12:00:00,2022-03-05 20:25:00,0 days 00:00:00
AD2416,-M,2022-03-05 12:00:00,2022-03-05 20:25:00,0 days 00:00:00
AD2409,-F,2022-03-05 12:00:00,2022-03-05 20:25:00,0 days 08:55:00
FAL,-IF,2022-03-06 10:01:00,2022-03-06 23:59:00,0 days 14:28:00
FR,-IF,2022-03-07 06:01:00,2022-03-08 06:01:00,1 days 00:30:00
FR,-IF,2022-03-08 06:01:00,2022-03-09 06:01:00,1 days 00:30:00
FR,-IF,2022-03-09 06:01:00,2022-03-10 06:01:00,1 days 00:30:00
FR,-IF,2022-03-10 06:01:00,2022-03-11 06:01:00,1 days 00:30:00
AD2643,-I,2022-03-11 19:35:00,2022-03-12 04:10:00,0 days 00:00:00
AD4604,-M,2022-03-11 19:35:00,2022-03-12 04:10:00,0 days 00:00:00
AD2652,-F,2022-03-11 19:35:00,2022-03-12 04:10:00,0 days 09:05:00
LFA,-IF,2022-04-01 00:00:00,2022-04-01 08:00:00,0 days 08:30:00
PLT,-IF,2022-04-01 10:00:00,2022-04-01 10:55:00,0 days 01:25:00
AD2810,-IF,2022-04-01 12:25:00,2022-04-01 17:09:00,0 days 05:14:00
AD4508,-IF,2022-04-02 07:45:00,2022-04-02 12:07:00,0 days 04:52:00
FR,-IF,2022-04-03 01:00:00,2022-04-04 01:00:00,1 days 00:30:00
FR,-IF,2022-04-04 01:00:00,2022-04-05 01:00:00,1 days 00:30:00
SNA,-IF,2022-04-05 01:00:00,2022-04-06 01:00:00,1 days 00:30:00
FP,-IF,2022-04-06 01:00:00,2022-04-07 01:00:00,1 days 00:30:00
FP,-IF,2022-04-07 01:00:00,2022-04-08 01:00:00,1 days 00:30:00
FP,-IF,2022-04-08 01:00:00,2022-04-09 01:00:00,1 days 00:30:00
SNA,-IF,2022-04-09 01:00:00,2022-04-10 01:00:00,1 days 00:30:00
SNA,-IF,2022-04-10 01:00:00,2022-04-11 01:00:00,1 days 00:30:00
SNA,-IF,2022-04-11 01:00:00,2022-04-12 01:00:00,1 days 00:30:00
AD5041,-I,2022-05-01 10:55:00,2022-05-01 21:49:00,0 days 00:00:00
AD4776,-M,2022-05-01 10:55:00,2022-05-01 21:49:00,0 days 00:00:00
AD4241,-F,2022-05-01 10:55:00,2022-05-01 21:49:00,0 days 11:24:00
AD4612,-IF,2022-05-02 19:00:00,2022-05-02 22:48:00,0 days 04:18:00
AD2755,-IF,2022-05-03 13:20:00,2022-05-03 16:12:00,0 days 03:22:00
FR,-IF,2022-05-04 11:35:00,2022-05-05 11:35:00,1 days 00:30:00
FR,-IF,2022-05-05 11:35:00,2022-05-06 11:35:00,1 days 00:30:00
FR,-IF,2022-05-06 11:35:00,2022-05-07 11:35:00,1 days 00:30:00
FR,-IF,2022-05-07 11:35:00,2022-05-08 11:35:00,1 days 00:30:00
FR,-IF,2022-05-08 11:35:00,2022-05-09 11:35:00,1 days 00:30:00
AD2629,-IF,2022-05-09 20:45:00,2022-05-10 01:51:00,0 days 05:36:00
AD4109,-I,2022-05-11 03:30:00,2022-05-11 11:37:00,0 days 00:00:00
AD4109,-F,2022-05-11 03:30:00,2022-05-11 11:37:00,0 days 08:37:00
SNA,-IF,2022-06-01 00:50:00,2022-06-02 00:00:00,0 days 23:40:00
SNA,-IF,2022-06-02 00:00:00,2022-06-03 00:00:00,1 days 00:30:00
FR,-IF,2022-06-03 00:00:00,2022-06-04 00:00:00,1 days 00:30:00
SNA,-IF,2022-06-04 00:00:00,2022-06-05 00:00:00,1 days 00:30:00
SNA,-IF,2022-06-05 00:00:00,2022-06-06 00:00:00,1 days 00:30:00
AD4347,-I,2022-06-06 07:10:00,2022-06-06 17:54:00,0 days 00:00:00
AD4303,-M,2022-06-06 07:10:00,2022-06-06 17:54:00,0 days 00:00:00
AD4763,-F,2022-06-06 07:10:00,2022-06-06 17:54:00,0 days 11:14:00
AD5056,-I,2022-06-07 17:35:00,2022-06-08 02:06:00,0 days 00:00:00
AD4451,-F,2022-06-07 17:35:00,2022-06-08 02:06:00,0 days 09:01:00
AD4383,-IF,2022-06-09 01:50:00,2022-06-09 07:34:00,0 days 06:14:00
FR,-IF,2022-06-10 00:00:00,2022-06-11 00:00:00,1 days 00:30:00
FR,-IF,2022-06-11 00:00:00,2022-06-12 00:00:00,1 days 00:30:00
CMA,-IF,2022-07-01 00:00:00,2022-07-02 00:00:00,1 days 00:30:00
AD2408,-I,2022-07-02 12:35:00,2022-07-03 00:23:00,0 days 00:00:00
AD2419,-M,2022-07-02 12:35:00,2022-07-03 00:23:00,0 days 00:00:00
AD4853,-F,2022-07-02 12:35:00,2022-07-03 00:23:00,0 days 12:18:00
AD4080,-I,2022-07-04 04:35:00,2022-07-04 12:01:00,0 days 00:00:00
AD4363,-M,2022-07-04 04:35:00,2022-07-04 12:01:00,0 days 00:00:00
AD4274,-F,2022-07-04 04:35:00,2022-07-04 12:01:00,0 days 07:56:00
FR,-IF,2022-07-05 01:30:00,2022-07-06 01:30:00,1 days 00:30:00
P12,-IF,2022-07-06 12:00:00,2022-07-06 15:00:00,0 days 03:30:00
AD4079,-IF,2022-07-07 07:46:00,2022-07-07 12:02:00,0 days 04:46:00
AD4824,-I,2022-07-08 03:35:00,2022-07-08 10:53:00,0 days 00:00:00
AD2655,-F,2022-07-08 03:35:00,2022-07-08 10:53:00,0 days 07:48:00
FR,-IF,2022-07-09 00:00:00,2022-07-10 00:00:00,1 days 00:30:00
FA,-IF,2022-07-10 00:00:00,2022-07-11 00:00:00,1 days 00:30:00
FR,-IF,2022-07-11 00:00:00,2022-07-12 00:00:00,1 days 00:30:00
PLT,-IF,2022-07-12 08:15:00,2022-07-12 10:55:00,0 days 03:10:00
AD2921,-I,2022-07-12 12:25:00,2022-07-12 22:53:00,0 days 00:00:00
AD4206,-M,2022-07-12 12:25:00,2022-07-12 22:53:00,0 days 00:00:00
AD4038,-M,2022-07-12 12:25:00,2022-07-12 22:53:00,0 days 00:00:00
AD2888,-F,2022-07-12 12:25:00,2022-07-12 22:53:00,0 days 10:58:00
SE,-IF,2022-08-01 03:00:00,2022-08-01 03:40:00,0 days 01:10:00
AD4942,-I,2022-08-01 05:10:00,2022-08-01 14:00:00,0 days 00:00:00
AD4568,-F,2022-08-01 05:10:00,2022-08-01 14:00:00,0 days 09:20:00
BUS,-IF,2022-08-01 12:10:00,2022-08-01 14:00:00,0 days 02:20:00
AD2744,-I,2022-08-02 07:45:00,2022-08-02 19:10:00,0 days 00:00:00
AD2768,-F,2022-08-02 07:45:00,2022-08-02 19:10:00,0 days 11:55:00
BUS,-IF,2022-08-02 17:10:00,2022-08-02 19:10:00,0 days 02:30:00
FR,-IF,2022-08-03 08:20:00,2022-08-04 08:20:00,1 days 00:30:00
FR,-IF,2022-08-04 08:20:00,2022-08-05 08:20:00,1 days 00:30:00
SFX,-IF,2022-08-06 06:00:00,2022-08-06 10:00:00,0 days 04:30:00
SFX,-IF,2022-08-07 14:20:00,2022-08-07 18:20:00,0 days 04:30:00
FR,-IF,2022-08-08 06:50:00,2022-08-09 06:50:00,1 days 00:30:00
FR,-IF,2022-08-09 06:50:00,2022-08-10 06:50:00,1 days 00:30:00
FR,-IF,2022-08-10 06:50:00,2022-08-11 06:50:00,1 days 00:30:00
AD2991,-I,2022-08-11 12:55:00,2022-08-12 00:38:00,0 days 00:00:00
AD4914,-M,2022-08-11 12:55:00,2022-08-12 00:38:00,0 days 00:00:00
AD4915,-F,2022-08-11 12:55:00,2022-08-12 00:38:00,0 days 12:13:00
AD4852,-I,2022-09-01 16:05:00,2022-09-02 01:23:00,0 days 00:00:00
AD4472,-M,2022-09-01 16:05:00,2022-09-02 01:23:00,0 days 00:00:00
AD4219,-F,2022-09-01 16:05:00,2022-09-02 01:23:00,0 days 09:48:00
AD4057,-I,2022-09-02 13:50:00,2022-09-02 22:47:00,0 days 00:00:00
AD4239,-M,2022-09-02 13:50:00,2022-09-02 22:47:00,0 days 00:00:00
AD2983,-F,2022-09-02 13:50:00,2022-09-02 22:47:00,0 days 09:27:00
DMI,-IF,2022-09-03 12:00:00,2022-09-04 00:00:00,0 days 12:30:00
FCD,-IF,2022-09-04 00:00:00,2022-09-05 00:00:00,1 days 00:30:00
DMI24,-IF,2022-09-05 00:00:00,2022-09-06 00:00:00,1 days 00:30:00
DMI24,-IF,2022-09-08 00:00:00,2022-09-09 00:00:00,1 days 00:30:00
SE,-IF,2022-09-09 03:00:00,2022-09-09 10:00:00,0 days 07:30:00
FR,-IF,2022-09-10 00:50:00,2022-09-11 00:50:00,1 days 00:30:00
FR,-IF,2022-09-11 00:50:00,2022-09-12 00:50:00,1 days 00:30:00
FR,-IF,2022-10-01 11:30:00,2022-10-02 11:30:00,1 days 00:30:00
AD4350,-I,2022-10-03 08:00:00,2022-10-03 15:11:00,0 days 00:00:00
AD4089,-F,2022-10-03 08:00:00,2022-10-03 15:11:00,0 days 07:41:00
AD4481,-I,2022-10-04 05:35:00,2022-10-04 11:38:00,0 days 00:00:00
AD4204,-F,2022-10-04 05:35:00,2022-10-04 11:38:00,0 days 06:33:00
AD4479,-I,2022-10-05 05:35:00,2022-10-05 11:57:00,0 days 00:00:00
AD2926,-F,2022-10-05 05:35:00,2022-10-05 11:57:00,0 days 06:52:00
AD2990,-I,2022-10-06 12:05:00,2022-10-06 22:15:00,0 days 00:00:00
AD4796,-M,2022-10-06 12:05:00,2022-10-06 22:15:00,0 days 00:00:00
AD2830,-F,2022-10-06 12:05:00,2022-10-06 22:15:00,0 days 10:40:00
AD4070,-I,2022-10-07 11:55:00,2022-10-07 23:15:00,0 days 00:00:00
AD4281,-M,2022-10-07 11:55:00,2022-10-07 23:15:00,0 days 00:00:00
AD4175,-M,2022-10-07 11:55:00,2022-10-07 23:15:00,0 days 00:00:00
AD4634,-F,2022-10-07 11:55:00,2022-10-07 23:15:00,0 days 11:50:00
AD9503,-IF,2022-10-08 12:40:00,2022-10-08 15:11:00,0 days 03:01:00
FR,-IF,2022-10-09 03:35:00,2022-10-10 03:35:00,1 days 00:30:00
FR,-IF,2022-10-10 03:35:00,2022-10-11 03:35:00,1 days 00:30:00
FR,-IF,2022-10-11 03:35:00,2022-10-12 03:35:00,1 days 00:30:00
FR,-IF,2022-11-02 10:00:00,2022-11-03 10:00:00,1 days 00:30:00
AD2944,-IF,2022-11-03 16:54:00,2022-11-03 19:27:00,0 days 03:03:00
AD4796,-I,2022-11-04 16:25:00,2022-11-05 00:52:00,0 days 00:00:00
AD2830,-M,2022-11-04 16:25:00,2022-11-05 00:52:00,0 days 00:00:00
AD4148,-F,2022-11-04 16:25:00,2022-11-05 00:52:00,0 days 08:57:00
AD2917,-I,2022-11-05 14:35:00,2022-11-06 00:32:00,0 days 00:00:00
AD4631,-M,2022-11-05 14:35:00,2022-11-06 00:32:00,0 days 00:00:00
AD4248,-F,2022-11-05 14:35:00,2022-11-06 00:32:00,0 days 10:27:00
AD4850,-IF,2022-11-06 19:10:00,2022-11-06 22:22:00,0 days 03:42:00
PLT,-IF,2022-11-07 12:00:00,2022-11-07 13:00:00,0 days 01:30:00
AD4667,-I,2022-11-07 14:30:00,2022-11-07 22:11:00,0 days 00:00:00
AD4852,-M,2022-11-07 14:30:00,2022-11-07 22:11:00,0 days 00:00:00
AD4472,-F,2022-11-07 14:30:00,2022-11-07 22:11:00,0 days 08:11:00
AD4917,-I,2022-11-08 14:10:00,2022-11-08 22:57:00,0 days 00:00:00
AD4239,-M,2022-11-08 14:10:00,2022-11-08 22:57:00,0 days 00:00:00
AD2983,-F,2022-11-08 14:10:00,2022-11-08 22:57:00,0 days 09:17:00
FR,-IF,2022-11-09 11:30:00,2022-11-10 11:30:00,1 days 00:30:00
FR,-IF,2022-11-10 11:30:00,2022-11-11 11:30:00,1 days 00:30:00
FR,-IF,2022-11-11 11:30:00,2022-11-12 11:30:00,1 days 00:30:00
AD4028,-I,2022-12-01 11:25:00,2022-12-01 22:04:00,0 days 00:00:00
AD4087,-M,2022-12-01 11:25:00,2022-12-01 22:04:00,0 days 00:00:00
AD2944,-M,2022-12-01 11:25:00,2022-12-01 22:04:00,0 days 00:00:00
AD4355,-F,2022-12-01 11:25:00,2022-12-01 22:04:00,0 days 11:09:00
FR,-IF,2022-12-02 10:20:00,2022-12-03 10:20:00,1 days 00:30:00
FR,-IF,2022-12-04 10:20:00,2022-12-05 10:20:00,1 days 00:30:00
FR,-IF,2022-12-05 10:20:00,2022-12-06 10:20:00,1 days 00:30:00
FR,-IF,2022-12-07 00:00:00,2022-12-08 00:00:00,1 days 00:30:00
CMA,-IF,2022-12-08 00:00:00,2022-12-09 00:00:00,1 days 00:30:00
AD4350,-I,2022-12-09 08:00:00,2022-12-09 15:27:00,0 days 00:00:00
AD4351,-M,2022-12-09 08:00:00,2022-12-09 15:27:00,0 days 00:00:00
AD4849,-F,2022-12-09 08:00:00,2022-12-09 15:27:00,0 days 07:57:00
AD4617,-I,2022-12-10 05:00:00,2022-12-10 11:46:00,0 days 00:00:00
AD2926,-F,2022-12-10 05:00:00,2022-12-10 11:46:00,0 days 07:16:00
AD4824,-IF,2022-12-11 02:50:00,2022-12-11 07:08:00,0 days 04:48:00
AD4634,-IF,2022-12-11 20:15:00,2022-12-11 23:00:00,0 days 03:15:00
FP,-IF,2023-01-01 00:00:00,2023-01-02 00:00:00,1 days 00:30:00
FER,-IF,2023-01-02 00:00:00,2023-01-03 00:00:00,1 days 00:30:00
FER,-IF,2023-01-03 00:00:00,2023-01-04 00:00:00,1 days 00:30:00
FER,-IF,2023-01-04 00:00:00,2023-01-05 00:00:00,1 days 00:30:00
FER,-IF,2023-01-05 00:00:00,2023-01-06 00:00:00,1 days 00:30:00
FER,-IF,2023-01-06 00:00:00,2023-01-07 00:00:00,1 days 00:30:00
FER,-IF,2023-01-07 00:00:00,2023-01-08 00:00:00,1 days 00:30:00
FER,-IF,2023-01-08 00:00:00,2023-01-09 00:00:00,1 days 00:30:00
FER,-IF,2023-01-09 00:00:00,2023-01-10 00:00:00,1 days 00:30:00
FER,-IF,2023-01-10 00:00:00,2023-01-11 00:00:00,1 days 00:30:00
FER,-IF,2023-01-11 00:00:00,2023-01-12 00:00:00,1 days 00:30:00
SPS24,-IF,2023-02-01 00:00:00,2023-02-02 00:00:00,1 days 00:30:00
